60,Conduct Unbecoming (Off-Duty),1
60,False Arrest,2
60,Illegal Search,10
60,Lockup Procedures,2
60,Operation/Personnel Violations,2
60,Use Of Force,8
72,Illegal Search,1
72,Use Of Force,1
72,Verbal Abuse,1
135,False Arrest,3
135,Illegal Search,2
135,Lockup Procedures,1
135,Operation/Personnel Violations,2
135,Use Of Force,3
152,Criminal Misconduct,1
152,Domestic,1
152,Illegal Search,1
152,Lockup Procedures,1
152,Operation/Personnel Violations,13
152,Traffic,2
152,Use Of Force,9
152,Verbal Abuse,3
193,Operation/Personnel Violations,1
193,Use Of Force,1
193,Verbal Abuse,1
244,Domestic,1
244,Lockup Procedures,1
244,Operation/Personnel Violations,5
244,Traffic,1
244,Verbal Abuse,1
254,False Arrest,1
254,Illegal Search,1
254,Lockup Procedures,1
254,Operation/Personnel Violations,1
254,Use Of Force,1
262,Domestic,1
262,False Arrest,2
262,Illegal Search,1
262,Lockup Procedures,2
262,Operation/Personnel Violations,4
262,Use Of Force,11
262,Verbal Abuse,2
270,Domestic,2
270,False Arrest,1
270,Operation/Personnel Violations,9
270,Traffic,3
270,Use Of Force,14
270,Verbal Abuse,4
291,Bribery / Official Corruption,1
291,False Arrest,1
291,Illegal Search,1
291,Operation/Personnel Violations,1
291,Use Of Force,3
291,Verbal Abuse,2
348,False Arrest,1
348,Operation/Personnel Violations,2
352,Domestic,1
352,False Arrest,1
352,Illegal Search,6
352,Lockup Procedures,1
352,Operation/Personnel Violations,2
352,Traffic,2
352,Use Of Force,6
352,Verbal Abuse,1
353,False Arrest,3
353,Illegal Search,3
353,Lockup Procedures,2
353,Operation/Personnel Violations,2
353,Use Of Force,2
353,Verbal Abuse,1
385,Conduct Unbecoming (Off-Duty),3
385,Domestic,4
385,Illegal Search,2
385,Lockup Procedures,1
385,Operation/Personnel Violations,21
385,Traffic,1
385,Use Of Force,5
403,Domestic,1
403,False Arrest,2
403,Illegal Search,12
403,Operation/Personnel Violations,3
403,Supervisory Responsibilities,1
403,Use Of Force,4
403,Verbal Abuse,1
451,False Arrest,3
451,Illegal Search,4
451,Lockup Procedures,3
451,Operation/Personnel Violations,4
451,Use Of Force,2
465,Domestic,2
465,False Arrest,6
465,Illegal Search,7
465,Operation/Personnel Violations,3
465,Traffic,1
465,Use Of Force,7
465,Verbal Abuse,3
487,Domestic,1
487,False Arrest,2
487,Illegal Search,3
487,Operation/Personnel Violations,3
487,Traffic,1
487,Use Of Force,4
546,False Arrest,1
546,Lockup Procedures,2
546,Use Of Force,1
635,Criminal Misconduct,1
635,Illegal Search,1
635,Lockup Procedures,3
635,Money / Property,1
635,Operation/Personnel Violations,6
635,Use Of Force,1
643,Illegal Search,1
643,Lockup Procedures,2
643,Money / Property,1
643,Operation/Personnel Violations,1
643,Traffic,1
643,Use Of Force,1
648,False Arrest,1
648,Illegal Search,1
648,Operation/Personnel Violations,12
648,Traffic,1
648,Verbal Abuse,1
650,Conduct Unbecoming (Off-Duty),2
650,Domestic,5
650,False Arrest,2
650,Illegal Search,8
650,Lockup Procedures,3
650,Operation/Personnel Violations,21
650,Traffic,5
650,Use Of Force,32
650,Verbal Abuse,12
758,Illegal Search,2
758,Lockup Procedures,2
758,Operation/Personnel Violations,5
758,Use Of Force,3
794,Domestic,1
794,False Arrest,1
794,Illegal Search,1
794,Operation/Personnel Violations,1
794,Use Of Force,1
797,Conduct Unbecoming (Off-Duty),2
797,Illegal Search,1
797,Medical,1
797,Operation/Personnel Violations,4
797,Traffic,1
797,Use Of Force,5
797,Verbal Abuse,1
854,Bribery / Official Corruption,1
854,Conduct Unbecoming (Off-Duty),1
854,Domestic,1
854,False Arrest,5
854,Illegal Search,7
854,Lockup Procedures,5
854,Operation/Personnel Violations,2
854,Racial Profiling,1
854,Supervisory Responsibilities,1
854,Traffic,1
854,Use Of Force,4
884,Illegal Search,2
884,Money / Property,1
884,Operation/Personnel Violations,1
890,Conduct Unbecoming (Off-Duty),1
890,Criminal Misconduct,1
890,Domestic,1
890,False Arrest,1
890,Illegal Search,5
890,Lockup Procedures,1
890,Operation/Personnel Violations,13
890,Traffic,2
890,Use Of Force,11
890,Verbal Abuse,3
906,Illegal Search,3
906,Lockup Procedures,2
906,Operation/Personnel Violations,2
932,False Arrest,2
932,Illegal Search,2
932,Operation/Personnel Violations,2
932,Use Of Force,1
932,Verbal Abuse,1
943,Domestic,2
943,False Arrest,4
943,Illegal Search,2
943,Operation/Personnel Violations,6
943,Use Of Force,8
1026,Bribery / Official Corruption,1
1026,Criminal Misconduct,1
1026,False Arrest,4
1026,Illegal Search,5
1026,Lockup Procedures,2
1026,Operation/Personnel Violations,8
1026,Use Of Force,10
1026,Verbal Abuse,1
1037,Domestic,3
1037,False Arrest,5
1037,Illegal Search,24
1037,Lockup Procedures,6
1037,Money / Property,1
1037,Operation/Personnel Violations,12
1037,Supervisory Responsibilities,2
1037,Traffic,3
1037,Use Of Force,8
1037,Verbal Abuse,6
1039,Bribery / Official Corruption,1
1039,Conduct Unbecoming (Off-Duty),2
1039,Domestic,1
1039,False Arrest,5
1039,Illegal Search,8
1039,Lockup Procedures,5
1039,Operation/Personnel Violations,2
1039,Racial Profiling,1
1039,Supervisory Responsibilities,1
1039,Use Of Force,3
1136,Conduct Unbecoming (Off-Duty),1
1136,Excessive Force,1
1136,False Arrest,1
1136,Illegal Search,2
1136,Money / Property,1
1136,Operation/Personnel Violations,1
1136,Use Of Force,1
1148,Domestic,1
1148,False Arrest,2
1148,Illegal Search,7
1148,Lockup Procedures,3
1148,Operation/Personnel Violations,3
1148,Use Of Force,7
1172,Bribery / Official Corruption,1
1172,False Arrest,5
1172,Illegal Search,21
1172,Lockup Procedures,2
1172,Operation/Personnel Violations,14
1172,Traffic,1
1172,Use Of Force,10
1172,Verbal Abuse,2
1225,Illegal Search,1
1225,Operation/Personnel Violations,2
1225,Traffic,1
1262,False Arrest,3
1262,Illegal Search,5
1262,Operation/Personnel Violations,4
1263,Domestic,1
1263,False Arrest,3
1263,Illegal Search,1
1263,Lockup Procedures,1
1263,Operation/Personnel Violations,2
1263,Use Of Force,1
1277,Conduct Unbecoming (Off-Duty),1
1277,Domestic,2
1277,False Arrest,2
1277,Illegal Search,7
1277,Lockup Procedures,3
1277,Operation/Personnel Violations,3
1277,Supervisory Responsibilities,1
1277,Traffic,2
1277,Use Of Force,9
1277,Verbal Abuse,1
1283,Domestic,1
1283,False Arrest,1
1283,Illegal Search,5
1283,Lockup Procedures,2
1283,Operation/Personnel Violations,3
1283,Use Of Force,3
1283,Verbal Abuse,1
1298,Criminal Misconduct,2
1298,Domestic,3
1298,False Arrest,4
1298,Illegal Search,4
1298,Lockup Procedures,9
1298,Operation/Personnel Violations,8
1298,Traffic,5
1298,Use Of Force,5
1317,Domestic,1
1317,Illegal Search,2
1317,Lockup Procedures,2
1317,Operation/Personnel Violations,8
1317,Use Of Force,9
1317,Verbal Abuse,1
1352,Criminal Misconduct,1
1352,False Arrest,4
1352,Illegal Search,2
1352,Lockup Procedures,1
1352,Operation/Personnel Violations,2
1352,Use Of Force,1
1352,Verbal Abuse,1
1364,Illegal Search,1
1364,Operation/Personnel Violations,5
1364,Traffic,3
1364,Use Of Force,1
1364,Verbal Abuse,4
1420,Conduct Unbecoming (Off-Duty),1
1420,Criminal Misconduct,1
1420,Domestic,2
1420,False Arrest,3
1420,Illegal Search,7
1420,Lockup Procedures,2
1420,Operation/Personnel Violations,13
1420,Racial Profiling,1
1420,Traffic,3
1420,Use Of Force,8
1420,Verbal Abuse,7
1436,Conduct Unbecoming (Off-Duty),1
1436,Domestic,1
1436,False Arrest,2
1436,Illegal Search,4
1436,Operation/Personnel Violations,5
1436,Traffic,2
1436,Use Of Force,3
1436,Verbal Abuse,1
1647,False Arrest,11
1647,Illegal Search,7
1647,Lockup Procedures,3
1647,Operation/Personnel Violations,5
1647,Use Of Force,6
1652,Conduct Unbecoming (Off-Duty),1
1652,Domestic,2
1652,False Arrest,2
1652,Illegal Search,2
1652,Lockup Procedures,1
1652,Operation/Personnel Violations,2
1652,Traffic,1
1652,Use Of Force,2
1744,Conduct Unbecoming (Off-Duty),1
1744,Operation/Personnel Violations,16
1744,Traffic,1
1744,Use Of Force,3
1747,Conduct Unbecoming (Off-Duty),1
1747,Criminal Misconduct,1
1747,False Arrest,1
1747,Illegal Search,5
1747,Operation/Personnel Violations,1
1747,Use Of Force,4
1788,Conduct Unbecoming (Off-Duty),1
1788,Domestic,1
1788,Operation/Personnel Violations,9
1788,Use Of Force,3
2015,Conduct Unbecoming (Off-Duty),2
2015,Criminal Misconduct,5
2015,Domestic,2
2015,Drug / Alcohol Abuse,1
2015,False Arrest,3
2015,Illegal Search,23
2015,Lockup Procedures,4
2015,Operation/Personnel Violations,14
2015,Supervisory Responsibilities,1
2015,Traffic,3
2015,Use Of Force,41
2015,Verbal Abuse,3
2022,Illegal Search,1
2022,Operation/Personnel Violations,3
2022,Use Of Force,2
2097,Criminal Misconduct,1
2097,Domestic,1
2097,False Arrest,2
2097,Illegal Search,1
2097,Lockup Procedures,1
2097,Operation/Personnel Violations,3
2097,Use Of Force,2
2264,Conduct Unbecoming (Off-Duty),1
2264,Domestic,1
2264,Illegal Search,2
2264,Lockup Procedures,1
2264,Operation/Personnel Violations,14
2264,Traffic,4
2264,Use Of Force,3
2264,Verbal Abuse,1
2280,Illegal Search,1
2280,Money / Property,1
2280,Operation/Personnel Violations,1
2280,Traffic,1
2423,Illegal Search,1
2423,Lockup Procedures,1
2423,Money / Property,1
2423,Operation/Personnel Violations,3
2423,Traffic,1
2470,Conduct Unbecoming (Off-Duty),1
2470,Criminal Misconduct,1
2470,False Arrest,11
2470,Illegal Search,7
2470,Lockup Procedures,3
2470,Operation/Personnel Violations,4
2470,Use Of Force,8
2527,Bribery / Official Corruption,1
2527,False Arrest,1
2527,Illegal Search,9
2527,Lockup Procedures,3
2527,Operation/Personnel Violations,1
2527,Supervisory Responsibilities,1
2527,Use Of Force,2
2563,Criminal Misconduct,1
2563,False Arrest,2
2563,Illegal Search,9
2563,Money / Property,1
2563,Operation/Personnel Violations,5
2563,Supervisory Responsibilities,2
2563,Use Of Force,4
2563,Verbal Abuse,1
2575,Domestic,1
2575,False Arrest,7
2575,Illegal Search,10
2575,Lockup Procedures,1
2575,Operation/Personnel Violations,1
2575,Supervisory Responsibilities,2
2575,Use Of Force,5
2575,Verbal Abuse,1
2681,Domestic,1
2681,False Arrest,1
2681,Operation/Personnel Violations,2
2681,Supervisory Responsibilities,1
2681,Use Of Force,1
2798,Domestic,1
2798,False Arrest,2
2798,Lockup Procedures,1
2798,Operation/Personnel Violations,1
2798,Use Of Force,4
2817,False Arrest,1
2817,Illegal Search,1
2817,Money / Property,1
2817,Operation/Personnel Violations,1
2817,Traffic,1
2817,Use Of Force,2
2833,Bribery / Official Corruption,1
2833,False Arrest,2
2833,Illegal Search,3
2833,Use Of Force,2
2909,Operation/Personnel Violations,1
2909,Use Of Force,3
3017,Criminal Misconduct,1
3017,Illegal Search,3
3017,Lockup Procedures,2
3017,Operation/Personnel Violations,9
3017,Use Of Force,7
3017,Verbal Abuse,2
3055,Bribery / Official Corruption,1
3055,Domestic,2
3055,False Arrest,1
3055,Illegal Search,3
3055,Lockup Procedures,3
3055,Operation/Personnel Violations,11
3055,Supervisory Responsibilities,3
3055,Traffic,2
3055,Use Of Force,30
3055,Verbal Abuse,11
3073,Bribery / Official Corruption,1
3073,Conduct Unbecoming (Off-Duty),1
3073,Illegal Search,1
3073,Lockup Procedures,2
3073,Operation/Personnel Violations,6
3073,Use Of Force,1
3073,Verbal Abuse,5
3164,False Arrest,1
3164,Illegal Search,1
3164,Operation/Personnel Violations,3
3164,Supervisory Responsibilities,1
3308,Illegal Search,3
3308,Lockup Procedures,1
3308,Operation/Personnel Violations,2
3383,Bribery / Official Corruption,1
3383,Conduct Unbecoming (Off-Duty),2
3383,Domestic,1
3383,False Arrest,2
3383,Illegal Search,1
3383,Lockup Procedures,5
3383,Operation/Personnel Violations,11
3383,Traffic,11
3383,Use Of Force,14
3388,False Arrest,1
3388,Illegal Search,17
3388,Lockup Procedures,3
3388,Operation/Personnel Violations,4
3388,Use Of Force,6
3549,False Arrest,2
3549,Illegal Search,8
3549,Lockup Procedures,7
3549,Operation/Personnel Violations,5
3549,Traffic,2
3549,Use Of Force,3
3562,Operation/Personnel Violations,4
3563,Domestic,1
3563,False Arrest,2
3563,Illegal Search,4
3563,Lockup Procedures,4
3563,Operation/Personnel Violations,2
3563,Traffic,1
3563,Use Of Force,6
3565,Criminal Misconduct,1
3565,Domestic,1
3565,Drug / Alcohol Abuse,1
3565,False Arrest,2
3565,Illegal Search,3
3565,Use Of Force,7
3565,Verbal Abuse,1
3605,Criminal Misconduct,1
3605,Domestic,3
3605,False Arrest,3
3605,Illegal Search,17
3605,Lockup Procedures,3
3605,Operation/Personnel Violations,3
3605,Use Of Force,20
3605,Verbal Abuse,4
3616,Conduct Unbecoming (Off-Duty),7
3616,Domestic,5
3616,False Arrest,3
3616,Illegal Search,6
3616,Lockup Procedures,2
3616,Operation/Personnel Violations,10
3616,Traffic,1
3616,Use Of Force,11
3616,Verbal Abuse,2
3765,False Arrest,4
3765,Illegal Search,1
3765,Lockup Procedures,1
3765,Operation/Personnel Violations,9
3765,Use Of Force,4
3765,Verbal Abuse,2
3793,Conduct Unbecoming (Off-Duty),1
3793,Domestic,1
3793,False Arrest,2
3793,Illegal Search,7
3793,Lockup Procedures,1
3793,Operation/Personnel Violations,3
3793,Use Of Force,1
3793,Verbal Abuse,2
3897,Criminal Misconduct,2
3897,Domestic,4
3897,False Arrest,19
3897,Illegal Search,16
3897,Lockup Procedures,9
3897,Operation/Personnel Violations,17
3897,Traffic,3
3897,Use Of Force,27
3897,Verbal Abuse,3
3906,False Arrest,3
3906,Illegal Search,9
3906,Lockup Procedures,1
3906,Operation/Personnel Violations,5
3906,Use Of Force,4
3906,Verbal Abuse,1
3986,Criminal Misconduct,1
3986,False Arrest,7
3986,Illegal Search,12
3986,Lockup Procedures,3
3986,Operation/Personnel Violations,5
3986,Use Of Force,8
3986,Verbal Abuse,1
3987,False Arrest,1
3987,Illegal Search,4
3987,Lockup Procedures,2
3987,Operation/Personnel Violations,2
3987,Use Of Force,1
4036,Criminal Misconduct,1
4036,Domestic,1
4036,False Arrest,1
4036,Illegal Search,5
4036,Lockup Procedures,3
4036,Operation/Personnel Violations,14
4036,Use Of Force,9
4036,Verbal Abuse,1
4072,Illegal Search,1
4072,Operation/Personnel Violations,1
4072,Traffic,2
4078,False Arrest,2
4078,Illegal Search,6
4078,Lockup Procedures,3
4078,Operation/Personnel Violations,3
4078,Use Of Force,7
4118,Conduct Unbecoming (Off-Duty),1
4118,Domestic,2
4118,False Arrest,4
4118,Illegal Search,18
4118,Lockup Procedures,2
4118,Operation/Personnel Violations,16
4118,Supervisory Responsibilities,3
4118,Traffic,1
4118,Use Of Force,10
4118,Verbal Abuse,2
4202,Conduct Unbecoming (Off-Duty),1
4202,False Arrest,2
4202,Illegal Search,3
4202,Operation/Personnel Violations,7
4202,Use Of Force,7
4202,Verbal Abuse,1
4233,Conduct Unbecoming (Off-Duty),10
4233,Criminal Misconduct,4
4233,Domestic,2
4233,Illegal Search,1
4233,Medical,1
4233,Operation/Personnel Violations,16
4233,Use Of Force,8
4233,Verbal Abuse,7
4252,Conduct Unbecoming (Off-Duty),1
4252,Illegal Search,5
4252,Lockup Procedures,6
4252,Operation/Personnel Violations,2
4252,Traffic,1
4252,Use Of Force,5
4332,Conduct Unbecoming (Off-Duty),1
4332,Domestic,4
4332,False Arrest,3
4332,Illegal Search,9
4332,Operation/Personnel Violations,8
4332,Use Of Force,16
4332,Verbal Abuse,1
4333,Illegal Search,2
4333,Lockup Procedures,2
4333,Operation/Personnel Violations,2
4333,Use Of Force,2
4482,False Arrest,6
4482,Lockup Procedures,1
4482,Operation/Personnel Violations,10
4482,Traffic,1
4482,Use Of Force,3
4524,Conduct Unbecoming (Off-Duty),1
4524,False Arrest,2
4524,Illegal Search,1
4524,Lockup Procedures,4
4524,Operation/Personnel Violations,11
4524,Use Of Force,5
4524,Verbal Abuse,1
4538,Bribery / Official Corruption,1
4538,Conduct Unbecoming (Off-Duty),1
4538,Domestic,1
4538,False Arrest,2
4538,Illegal Search,3
4538,Lockup Procedures,1
4538,Money / Property,1
4538,Operation/Personnel Violations,6
4538,Traffic,1
4538,Use Of Force,4
4614,False Arrest,1
4614,Illegal Search,1
4614,Lockup Procedures,1
4614,Operation/Personnel Violations,4
4614,Use Of Force,3
4636,False Arrest,3
4636,Illegal Search,5
4636,Lockup Procedures,2
4636,Operation/Personnel Violations,8
4636,Supervisory Responsibilities,1
4636,Traffic,3
4636,Use Of Force,6
4636,Verbal Abuse,2
4687,False Arrest,1
4687,Illegal Search,4
4687,Use Of Force,1
4841,False Arrest,3
4841,Illegal Search,3
4841,Lockup Procedures,2
4841,Operation/Personnel Violations,4
4841,Use Of Force,1
4844,Conduct Unbecoming (Off-Duty),3
4844,Criminal Misconduct,2
4844,False Arrest,1
4844,Illegal Search,2
4844,Lockup Procedures,2
4844,Operation/Personnel Violations,39
4844,Use Of Force,25
4844,Verbal Abuse,3
4927,Domestic,2
4927,False Arrest,3
4927,Illegal Search,12
4927,Lockup Procedures,2
4927,Money / Property,1
4927,Operation/Personnel Violations,13
4927,Traffic,1
4927,Use Of Force,13
4927,Verbal Abuse,5
4981,Domestic,1
4981,Drug / Alcohol Abuse,1
4981,Operation/Personnel Violations,2
4981,Traffic,1
4981,Use Of Force,2
5004,False Arrest,1
5004,Lockup Procedures,2
5004,Money / Property,1
5004,Operation/Personnel Violations,1
5004,Traffic,2
5037,Domestic,1
5037,Illegal Search,2
5037,Operation/Personnel Violations,3
5057,Illegal Search,2
5057,Lockup Procedures,1
5057,Operation/Personnel Violations,1
5057,Use Of Force,1
5328,Bribery / Official Corruption,1
5328,Conduct Unbecoming (Off-Duty),2
5328,Domestic,2
5328,Drug / Alcohol Abuse,1
5328,False Arrest,2
5328,Illegal Search,6
5328,Lockup Procedures,1
5328,Operation/Personnel Violations,4
5328,Use Of Force,3
5328,Verbal Abuse,1
5332,Bribery / Official Corruption,1
5332,Domestic,2
5332,False Arrest,2
5332,Illegal Search,1
5332,Lockup Procedures,3
5332,Operation/Personnel Violations,4
5332,Traffic,2
5332,Use Of Force,11
5332,Verbal Abuse,2
5430,Illegal Search,3
5430,Lockup Procedures,1
5430,Operation/Personnel Violations,6
5430,Use Of Force,6
5430,Verbal Abuse,8
5571,Bribery / Official Corruption,1
5571,False Arrest,3
5571,Illegal Search,7
5571,Lockup Procedures,8
5571,Money / Property,2
5571,Operation/Personnel Violations,2
5571,Use Of Force,3
5625,Conduct Unbecoming (Off-Duty),2
5625,Domestic,2
5625,False Arrest,5
5625,Illegal Search,5
5625,Lockup Procedures,1
5625,Operation/Personnel Violations,5
5625,Use Of Force,5
5663,Criminal Misconduct,2
5663,Domestic,3
5663,False Arrest,3
5663,Illegal Search,6
5663,Lockup Procedures,2
5663,Operation/Personnel Violations,9
5663,Supervisory Responsibilities,1
5663,Traffic,1
5663,Use Of Force,9
5663,Verbal Abuse,2
5678,False Arrest,1
5678,Illegal Search,1
5678,Lockup Procedures,1
5678,Verbal Abuse,1
5763,Domestic,5
5763,False Arrest,4
5763,Illegal Search,5
5763,Lockup Procedures,2
5763,Operation/Personnel Violations,10
5763,Supervisory Responsibilities,1
5763,Traffic,1
5763,Use Of Force,14
5763,Verbal Abuse,2
5930,False Arrest,1
5930,Illegal Search,2
5930,Lockup Procedures,2
5930,Operation/Personnel Violations,9
5930,Use Of Force,4
5963,Criminal Misconduct,1
5963,False Arrest,1
5963,Lockup Procedures,1
5963,Money / Property,1
5963,Use Of Force,1
6164,Conduct Unbecoming (Off-Duty),1
6164,Illegal Search,5
6164,Operation/Personnel Violations,11
6164,Traffic,1
6164,Use Of Force,6
6164,Verbal Abuse,6
6189,Conduct Unbecoming (Off-Duty),1
6189,Domestic,1
6189,Illegal Search,6
6189,Operation/Personnel Violations,10
6189,Supervisory Responsibilities,1
6189,Traffic,1
6189,Use Of Force,16
6189,Verbal Abuse,4
6211,Domestic,2
6211,Drug / Alcohol Abuse,1
6211,Illegal Search,1
6211,Operation/Personnel Violations,8
6211,Traffic,2
6211,Use Of Force,6
6254,Domestic,2
6254,False Arrest,2
6254,Illegal Search,7
6254,Lockup Procedures,2
6254,Money / Property,1
6254,Operation/Personnel Violations,1
6254,Supervisory Responsibilities,1
6254,Traffic,1
6254,Use Of Force,12
6254,Verbal Abuse,6
6259,Bribery / Official Corruption,1
6259,Criminal Misconduct,1
6259,Illegal Search,2
6259,Use Of Force,1
6264,Illegal Search,3
6264,Lockup Procedures,3
6264,Operation/Personnel Violations,8
6264,Traffic,1
6264,Use Of Force,1
6264,Verbal Abuse,1
6321,Domestic,1
6321,Operation/Personnel Violations,2
6321,Traffic,1
6321,Use Of Force,1
6343,Illegal Search,8
6343,Lockup Procedures,1
6343,Operation/Personnel Violations,27
6343,Traffic,3
6343,Use Of Force,18
6343,Verbal Abuse,3
6376,Conduct Unbecoming (Off-Duty),1
6376,Domestic,1
6376,False Arrest,2
6381,Excessive Force,1
6381,Illegal Search,1
6381,Lockup Procedures,1
6381,Operation/Personnel Violations,9
6381,Use Of Force,4
6381,Verbal Abuse,1
6561,False Arrest,3
6561,Illegal Search,4
6561,Use Of Force,1
6599,False Arrest,1
6599,Illegal Search,1
6599,Lockup Procedures,1
6599,Operation/Personnel Violations,9
6599,Traffic,3
6599,Use Of Force,10
6599,Verbal Abuse,2
6651,False Arrest,3
6651,Illegal Search,6
6651,Lockup Procedures,1
6651,Operation/Personnel Violations,3
6651,Traffic,2
6651,Use Of Force,3
6651,Verbal Abuse,1
6681,Illegal Search,1
6681,Lockup Procedures,1
6681,Money / Property,1
6681,Operation/Personnel Violations,2
6717,False Arrest,1
6717,Lockup Procedures,1
6717,Operation/Personnel Violations,2
6717,Traffic,1
6717,Use Of Force,1
6756,Illegal Search,1
6756,Lockup Procedures,3
6760,Domestic,1
6760,False Arrest,1
6760,Illegal Search,4
6760,Lockup Procedures,1
6760,Operation/Personnel Violations,1
6760,Use Of Force,5
6760,Verbal Abuse,1
6844,Illegal Search,5
6844,Operation/Personnel Violations,3
6844,Racial Profiling,1
6844,Use Of Force,5
6864,False Arrest,2
6864,Illegal Search,1
6864,Lockup Procedures,2
6864,Money / Property,1
6867,False Arrest,2
6867,Lockup Procedures,1
6867,Money / Property,1
6867,Traffic,1
6914,False Arrest,2
6914,Illegal Search,4
6914,Traffic,1
6914,Use Of Force,3
6991,Domestic,1
6991,Lockup Procedures,2
6991,Operation/Personnel Violations,12
6991,Supervisory Responsibilities,1
6991,Traffic,2
6991,Verbal Abuse,1
7124,Criminal Misconduct,1
7124,False Arrest,1
7124,Illegal Search,1
7124,Verbal Abuse,1
7160,Conduct Unbecoming (Off-Duty),1
7160,Criminal Misconduct,1
7160,Domestic,3
7160,Drug / Alcohol Abuse,1
7160,Illegal Search,6
7160,Operation/Personnel Violations,11
7160,Traffic,1
7160,Use Of Force,8
7260,Illegal Search,1
7260,Lockup Procedures,2
7260,Medical,1
7260,Operation/Personnel Violations,6
7260,Supervisory Responsibilities,2
7260,Unknown,1
7260,Use Of Force,3
7260,Verbal Abuse,2
7387,Criminal Misconduct,1
7387,Illegal Search,1
7387,Traffic,2
7590,False Arrest,6
7590,Illegal Search,11
7590,Operation/Personnel Violations,1
7590,Use Of Force,4
7590,Verbal Abuse,1
7603,Domestic,2
7603,False Arrest,7
7603,Illegal Search,9
7603,Lockup Procedures,3
7603,Operation/Personnel Violations,1
7603,Use Of Force,12
7659,Domestic,1
7659,False Arrest,1
7659,Lockup Procedures,1
7659,Operation/Personnel Violations,8
7659,Traffic,6
7659,Use Of Force,6
7659,Verbal Abuse,1
7862,Bribery / Official Corruption,1
7862,Conduct Unbecoming (Off-Duty),1
7862,Criminal Misconduct,2
7862,False Arrest,2
7862,Illegal Search,4
7862,Lockup Procedures,2
7862,Money / Property,1
7862,Operation/Personnel Violations,8
7862,Supervisory Responsibilities,1
7862,Traffic,1
7862,Use Of Force,3
7862,Verbal Abuse,1
7961,False Arrest,2
7961,Illegal Search,2
7972,False Arrest,1
7972,Illegal Search,4
7972,Lockup Procedures,3
7972,Operation/Personnel Violations,9
7972,Traffic,2
7972,Use Of Force,9
7972,Verbal Abuse,1
8008,False Arrest,1
8008,Illegal Search,2
8008,Operation/Personnel Violations,5
8008,Use Of Force,3
8008,Verbal Abuse,1
8041,False Arrest,8
8041,Illegal Search,4
8041,Operation/Personnel Violations,3
8041,Use Of Force,2
8064,False Arrest,1
8064,Illegal Search,2
8064,Lockup Procedures,2
8138,Conduct Unbecoming (Off-Duty),7
8138,Criminal Misconduct,3
8138,Domestic,2
8138,False Arrest,4
8138,Illegal Search,16
8138,Lockup Procedures,1
8138,Operation/Personnel Violations,29
8138,Supervisory Responsibilities,1
8138,Use Of Force,57
8138,Verbal Abuse,8
8145,Criminal Misconduct,1
8145,False Arrest,4
8145,Illegal Search,7
8145,Operation/Personnel Violations,3
8145,Use Of Force,3
8169,False Arrest,1
8169,Illegal Search,7
8169,Lockup Procedures,1
8169,Operation/Personnel Violations,4
8169,Traffic,2
8169,Unknown,1
8169,Use Of Force,3
8176,Domestic,2
8176,False Arrest,1
8176,Illegal Search,9
8176,Money / Property,1
8176,Operation/Personnel Violations,7
8176,Traffic,2
8176,Unknown,1
8176,Use Of Force,9
8248,Domestic,1
8248,False Arrest,1
8248,Illegal Search,4
8248,Operation/Personnel Violations,3
8248,Use Of Force,4
8248,Verbal Abuse,1
8300,Drug / Alcohol Abuse,1
8300,False Arrest,3
8300,Illegal Search,6
8300,Operation/Personnel Violations,1
8300,Use Of Force,2
8304,Bribery / Official Corruption,2
8304,False Arrest,1
8304,Illegal Search,1
8304,Lockup Procedures,2
8304,Money / Property,1
8304,Traffic,1
8342,Conduct Unbecoming (Off-Duty),2
8342,Illegal Search,1
8342,Lockup Procedures,2
8342,Operation/Personnel Violations,15
8342,Supervisory Responsibilities,1
8342,Traffic,5
8342,Use Of Force,2
8355,False Arrest,2
8355,Illegal Search,3
8355,Lockup Procedures,1
8355,Operation/Personnel Violations,3
8355,Traffic,2
8355,Use Of Force,3
8399,Conduct Unbecoming (Off-Duty),1
8399,Operation/Personnel Violations,3
8399,Use Of Force,2
8466,Bribery / Official Corruption,1
8466,Conduct Unbecoming (Off-Duty),1
8466,False Arrest,2
8466,Operation/Personnel Violations,3
8466,Use Of Force,2
8475,Domestic,1
8475,False Arrest,4
8475,Illegal Search,3
8475,Operation/Personnel Violations,16
8475,Traffic,2
8475,Use Of Force,6
8485,False Arrest,1
8485,Illegal Search,6
8485,Operation/Personnel Violations,2
8556,Conduct Unbecoming (Off-Duty),1
8556,Criminal Misconduct,1
8556,Domestic,1
8556,Lockup Procedures,1
8556,Operation/Personnel Violations,1
8556,Use Of Force,10
8556,Verbal Abuse,1
8745,Conduct Unbecoming (Off-Duty),1
8745,Criminal Misconduct,2
8745,Domestic,1
8745,False Arrest,4
8745,Illegal Search,5
8745,Lockup Procedures,1
8745,Operation/Personnel Violations,7
8745,Use Of Force,1
8745,Verbal Abuse,2
8794,Domestic,1
8794,False Arrest,1
8794,Illegal Search,3
8794,Operation/Personnel Violations,10
8794,Supervisory Responsibilities,3
8794,Use Of Force,12
8804,Domestic,1
8804,False Arrest,1
8804,Money / Property,1
8804,Operation/Personnel Violations,3
8804,Use Of Force,2
8842,False Arrest,2
8842,Illegal Search,1
8842,Lockup Procedures,1
8842,Operation/Personnel Violations,7
8842,Use Of Force,7
8897,Bribery / Official Corruption,1
8897,Domestic,1
8897,Illegal Search,1
8897,Lockup Procedures,1
8897,Operation/Personnel Violations,1
8897,Use Of Force,2
9091,False Arrest,4
9091,Illegal Search,14
9091,Lockup Procedures,1
9091,Money / Property,1
9091,Operation/Personnel Violations,5
9091,Supervisory Responsibilities,2
9091,Use Of Force,9
9238,Criminal Misconduct,2
9238,Domestic,1
9238,Illegal Search,3
9238,Lockup Procedures,5
9238,Operation/Personnel Violations,9
9238,Traffic,2
9238,Use Of Force,12
9238,Verbal Abuse,2
9309,Conduct Unbecoming (Off-Duty),2
9309,Criminal Misconduct,2
9309,Domestic,5
9309,False Arrest,4
9309,Illegal Search,19
9309,Lockup Procedures,1
9309,Operation/Personnel Violations,18
9309,Supervisory Responsibilities,3
9309,Use Of Force,22
9309,Verbal Abuse,7
9350,Illegal Search,2
9350,Operation/Personnel Violations,8
9350,Traffic,1
9350,Use Of Force,8
9370,Lockup Procedures,2
9370,Money / Property,1
9370,Operation/Personnel Violations,3
9370,Use Of Force,1
9380,Domestic,1
9380,False Arrest,2
9380,Illegal Search,2
9380,Lockup Procedures,1
9380,Operation/Personnel Violations,3
9380,Traffic,1
9562,False Arrest,2
9562,Illegal Search,10
9562,Operation/Personnel Violations,1
9562,Use Of Force,2
9574,False Arrest,1
9574,Illegal Search,3
9574,Operation/Personnel Violations,1
9574,Use Of Force,2
9590,Conduct Unbecoming (Off-Duty),1
9590,Criminal Misconduct,3
9590,Domestic,1
9590,False Arrest,6
9590,Illegal Search,8
9590,Lockup Procedures,1
9590,Operation/Personnel Violations,4
9590,Traffic,2
9590,Use Of Force,6
9596,Conduct Unbecoming (Off-Duty),1
9596,Excessive Force,1
9596,False Arrest,7
9596,Illegal Search,8
9596,Lockup Procedures,1
9596,Operation/Personnel Violations,5
9596,Traffic,1
9596,Use Of Force,12
9597,False Arrest,3
9597,Illegal Search,1
9597,Lockup Procedures,1
9597,Operation/Personnel Violations,1
9597,Use Of Force,1
9627,Domestic,1
9627,False Arrest,2
9627,Illegal Search,17
9627,Lockup Procedures,3
9627,Money / Property,1
9627,Operation/Personnel Violations,5
9627,Use Of Force,7
9648,Conduct Unbecoming (Off-Duty),3
9648,Criminal Misconduct,2
9648,False Arrest,1
9648,Illegal Search,7
9648,Lockup Procedures,1
9648,Operation/Personnel Violations,7
9648,Supervisory Responsibilities,1
9648,Traffic,1
9648,Use Of Force,3
9648,Verbal Abuse,2
9694,Criminal Misconduct,1
9694,Domestic,1
9694,False Arrest,5
9694,Illegal Search,22
9694,Lockup Procedures,2
9694,Operation/Personnel Violations,9
9694,Supervisory Responsibilities,1
9694,Use Of Force,6
9694,Verbal Abuse,2
9697,Conduct Unbecoming (Off-Duty),1
9697,Domestic,3
9697,False Arrest,2
9697,Illegal Search,1
9697,Lockup Procedures,3
9697,Operation/Personnel Violations,11
9697,Traffic,2
9697,Use Of Force,17
9697,Verbal Abuse,1
9704,Conduct Unbecoming (Off-Duty),1
9704,False Arrest,1
9704,Illegal Search,9
9704,Lockup Procedures,2
9704,Operation/Personnel Violations,2
9704,Use Of Force,3
9704,Verbal Abuse,1
9773,Bribery / Official Corruption,1
9773,Conduct Unbecoming (Off-Duty),2
9773,Domestic,2
9773,False Arrest,1
9773,Illegal Search,5
9773,Lockup Procedures,3
9773,Operation/Personnel Violations,15
9773,Supervisory Responsibilities,4
9773,Use Of Force,14
9773,Verbal Abuse,3
9810,Criminal Misconduct,1
9810,Illegal Search,2
9810,Money / Property,1
9860,Conduct Unbecoming (Off-Duty),2
9860,Domestic,1
9860,Illegal Search,1
9860,Operation/Personnel Violations,9
9860,Use Of Force,3
9860,Verbal Abuse,1
9873,Conduct Unbecoming (Off-Duty),1
9873,False Arrest,3
9873,Illegal Search,4
9873,Use Of Force,4
10152,Conduct Unbecoming (Off-Duty),3
10152,Domestic,2
10152,False Arrest,10
10152,Illegal Search,12
10152,Lockup Procedures,1
10152,Operation/Personnel Violations,6
10152,Supervisory Responsibilities,1
10152,Traffic,1
10152,Use Of Force,9
10152,Verbal Abuse,4
10166,Conduct Unbecoming (Off-Duty),1
10166,Criminal Misconduct,2
10166,False Arrest,4
10166,Illegal Search,18
10166,Lockup Procedures,1
10166,Operation/Personnel Violations,24
10166,Traffic,1
10166,Use Of Force,6
10182,False Arrest,4
10182,Illegal Search,3
10182,Operation/Personnel Violations,1
10182,Use Of Force,1
10221,Conduct Unbecoming (Off-Duty),4
10221,Criminal Misconduct,3
10221,Domestic,1
10221,False Arrest,2
10221,Illegal Search,4
10221,Lockup Procedures,2
10221,Operation/Personnel Violations,10
10221,Traffic,5
10221,Use Of Force,13
10221,Verbal Abuse,2
10273,False Arrest,4
10273,Illegal Search,5
10273,Operation/Personnel Violations,2
10273,Use Of Force,6
10284,Domestic,1
10284,False Arrest,1
10284,Illegal Search,2
10284,Operation/Personnel Violations,1
10284,Traffic,1
10284,Use Of Force,1
10332,Domestic,1
10332,False Arrest,4
10332,Illegal Search,4
10332,Operation/Personnel Violations,6
10332,Traffic,1
10332,Use Of Force,7
10332,Verbal Abuse,1
10371,Bribery / Official Corruption,1
10371,Operation/Personnel Violations,5
10371,Use Of Force,3
10371,Verbal Abuse,1
10445,Operation/Personnel Violations,6
10468,Conduct Unbecoming (Off-Duty),1
10468,False Arrest,1
10468,Illegal Search,2
10468,Verbal Abuse,1
10654,Domestic,1
10654,False Arrest,3
10654,Illegal Search,2
10654,Lockup Procedures,1
10654,Operation/Personnel Violations,1
10654,Verbal Abuse,1
10719,Illegal Search,1
10719,Lockup Procedures,1
10719,Use Of Force,2
10809,Conduct Unbecoming (Off-Duty),3
10809,Domestic,7
10809,Drug / Alcohol Abuse,1
10809,Illegal Search,1
10809,Lockup Procedures,1
10809,Operation/Personnel Violations,21
10809,Traffic,1
10809,Use Of Force,3
10809,Verbal Abuse,4
10873,Conduct Unbecoming (Off-Duty),1
10873,Lockup Procedures,2
10873,Operation/Personnel Violations,2
10960,False Arrest,2
10960,Illegal Search,2
10960,Operation/Personnel Violations,1
10960,Use Of Force,1
11007,False Arrest,3
11007,Illegal Search,1
11007,Lockup Procedures,2
11007,Operation/Personnel Violations,6
11007,Supervisory Responsibilities,1
11007,Traffic,2
11007,Use Of Force,4
11007,Verbal Abuse,1
11090,Conduct Unbecoming (Off-Duty),1
11090,Domestic,1
11090,Lockup Procedures,3
11090,Operation/Personnel Violations,7
11090,Use Of Force,1
11090,Verbal Abuse,1
11099,Domestic,1
11099,Illegal Search,1
11099,Operation/Personnel Violations,2
11116,Domestic,1
11116,False Arrest,1
11116,Illegal Search,2
11116,Lockup Procedures,4
11116,Operation/Personnel Violations,7
11116,Traffic,1
11116,Use Of Force,9
11190,Criminal Misconduct,2
11190,Domestic,1
11190,False Arrest,6
11190,Illegal Search,12
11190,Lockup Procedures,2
11190,Operation/Personnel Violations,13
11190,Supervisory Responsibilities,1
11190,Traffic,5
11190,Use Of Force,32
11190,Verbal Abuse,13
11257,False Arrest,3
11257,Illegal Search,2
11257,Operation/Personnel Violations,2
11257,Use Of Force,5
11360,Domestic,1
11360,Lockup Procedures,1
11360,Operation/Personnel Violations,10
11360,Use Of Force,1
11364,False Arrest,7
11364,Illegal Search,2
11364,Operation/Personnel Violations,3
11364,Use Of Force,3
11365,Criminal Misconduct,2
11365,Domestic,2
11365,False Arrest,3
11365,Illegal Search,9
11365,Lockup Procedures,3
11365,Operation/Personnel Violations,10
11365,Traffic,2
11365,Use Of Force,30
11365,Verbal Abuse,4
11384,False Arrest,1
11384,Illegal Search,2
11384,Lockup Procedures,1
11384,Operation/Personnel Violations,10
11384,Supervisory Responsibilities,2
11384,Traffic,1
11384,Use Of Force,6
11384,Verbal Abuse,1
11400,Criminal Misconduct,1
11400,False Arrest,4
11400,Illegal Search,4
11400,Lockup Procedures,2
11400,Operation/Personnel Violations,4
11400,Traffic,2
11400,Use Of Force,8
11448,Lockup Procedures,2
11448,Operation/Personnel Violations,1
11448,Use Of Force,1
11464,Criminal Misconduct,2
11464,Lockup Procedures,1
11464,Operation/Personnel Violations,4
11540,Illegal Search,2
11540,Lockup Procedures,1
11540,Use Of Force,4
11540,Verbal Abuse,1
11689,Lockup Procedures,2
11689,Operation/Personnel Violations,1
11689,Use Of Force,1
11692,Conduct Unbecoming (Off-Duty),1
11692,Domestic,1
11692,Illegal Search,1
11692,Lockup Procedures,2
11692,Operation/Personnel Violations,1
11692,Use Of Force,1
11808,Illegal Search,5
11808,Money / Property,1
11808,Use Of Force,1
11847,Criminal Misconduct,1
11847,False Arrest,4
11847,Illegal Search,11
11847,Lockup Procedures,2
11847,Operation/Personnel Violations,6
11847,Use Of Force,11
11855,Conduct Unbecoming (Off-Duty),1
11855,Domestic,3
11855,False Arrest,1
11855,Illegal Search,9
11855,Lockup Procedures,7
11855,Operation/Personnel Violations,8
11855,Supervisory Responsibilities,1
11855,Traffic,5
11855,Use Of Force,10
11855,Verbal Abuse,1
11898,False Arrest,2
11898,Illegal Search,3
11898,Lockup Procedures,1
11898,Operation/Personnel Violations,2
11898,Use Of Force,5
12043,Lockup Procedures,1
12043,Operation/Personnel Violations,6
12043,Use Of Force,5
12043,Verbal Abuse,1
12045,Illegal Search,3
12045,Lockup Procedures,1
12045,Money / Property,1
12045,Operation/Personnel Violations,3
12045,Use Of Force,3
12049,Criminal Misconduct,1
12049,Illegal Search,2
12049,Use Of Force,2
12057,False Arrest,2
12057,Illegal Search,2
12057,Lockup Procedures,1
12057,Operation/Personnel Violations,1
12057,Use Of Force,1
12059,False Arrest,3
12059,Illegal Search,3
12059,Lockup Procedures,4
12059,Operation/Personnel Violations,6
12059,Use Of Force,5
12059,Verbal Abuse,1
12088,False Arrest,2
12088,Illegal Search,1
12088,Lockup Procedures,1
12088,Operation/Personnel Violations,1
12088,Verbal Abuse,1
12159,Conduct Unbecoming (Off-Duty),1
12159,Criminal Misconduct,1
12159,Domestic,1
12159,False Arrest,5
12159,Illegal Search,21
12159,Lockup Procedures,2
12159,Operation/Personnel Violations,12
12159,Supervisory Responsibilities,2
12159,Traffic,1
12159,Use Of Force,11
12159,Verbal Abuse,3
12181,Illegal Search,2
12181,Lockup Procedures,1
12181,Money / Property,1
12181,Operation/Personnel Violations,1
12181,Use Of Force,4
12391,Conduct Unbecoming (Off-Duty),1
12391,Domestic,4
12391,False Arrest,1
12391,Illegal Search,4
12391,Operation/Personnel Violations,15
12391,Traffic,2
12391,Use Of Force,3
12391,Verbal Abuse,2
12495,Bribery / Official Corruption,1
12495,Conduct Unbecoming (Off-Duty),1
12495,Criminal Misconduct,1
12495,False Arrest,4
12495,Illegal Search,6
12495,Lockup Procedures,2
12495,Operation/Personnel Violations,6
12495,Traffic,1
12495,Use Of Force,7
12529,Domestic,1
12529,False Arrest,1
12529,Operation/Personnel Violations,8
12529,Traffic,1
12529,Use Of Force,2
12571,Illegal Search,1
12571,Operation/Personnel Violations,4
12630,Domestic,1
12630,Illegal Search,4
12630,Lockup Procedures,1
12630,Operation/Personnel Violations,2
12630,Use Of Force,2
12634,Conduct Unbecoming (Off-Duty),2
12634,Lockup Procedures,2
12634,Operation/Personnel Violations,21
12634,Traffic,1
12634,Use Of Force,1
12634,Verbal Abuse,2
12667,Bribery / Official Corruption,1
12667,False Arrest,2
12667,Illegal Search,4
12667,Operation/Personnel Violations,5
12667,Use Of Force,5
12679,Domestic,2
12679,False Arrest,2
12679,Illegal Search,7
12679,Lockup Procedures,2
12679,Operation/Personnel Violations,3
12679,Traffic,2
12679,Use Of Force,5
12750,Illegal Search,3
12750,Lockup Procedures,1
12750,Traffic,1
12750,Verbal Abuse,1
12804,False Arrest,2
12804,Illegal Search,1
12804,Operation/Personnel Violations,1
12804,Traffic,1
12804,Use Of Force,1
12804,Verbal Abuse,1
13114,Conduct Unbecoming (Off-Duty),1
13114,False Arrest,1
13114,Money / Property,1
13114,Operation/Personnel Violations,1
13114,Use Of Force,1
13234,False Arrest,1
13234,Illegal Search,1
13234,Lockup Procedures,1
13234,Operation/Personnel Violations,1
13234,Traffic,1
13234,Use Of Force,2
13256,False Arrest,3
13256,Illegal Search,3
13256,Lockup Procedures,2
13256,Operation/Personnel Violations,6
13256,Supervisory Responsibilities,1
13256,Traffic,1
13256,Use Of Force,6
13256,Verbal Abuse,1
13273,Conduct Unbecoming (Off-Duty),2
13273,Criminal Misconduct,2
13273,Domestic,1
13273,False Arrest,2
13273,Illegal Search,14
13273,Lockup Procedures,2
13273,Money / Property,1
13273,Operation/Personnel Violations,7
13273,Use Of Force,10
13582,Conduct Unbecoming (Off-Duty),1
13582,Illegal Search,1
13582,Lockup Procedures,1
13582,Operation/Personnel Violations,23
13582,Traffic,1
13582,Use Of Force,2
13582,Verbal Abuse,2
13873,False Arrest,1
13873,Illegal Search,4
13873,Lockup Procedures,1
13873,Operation/Personnel Violations,2
13873,Traffic,1
13873,Use Of Force,12
13873,Verbal Abuse,1
13881,Conduct Unbecoming (Off-Duty),1
13881,Criminal Misconduct,1
13881,Illegal Search,1
13881,Lockup Procedures,4
13881,Operation/Personnel Violations,9
13881,Supervisory Responsibilities,1
13881,Traffic,1
13881,Use Of Force,7
13881,Verbal Abuse,3
13937,Bribery / Official Corruption,1
13937,Domestic,2
13937,False Arrest,12
13937,Illegal Search,8
13937,Lockup Procedures,12
13937,Operation/Personnel Violations,3
13937,Traffic,3
13937,Use Of Force,20
13940,Domestic,1
13940,False Arrest,3
13940,Illegal Search,6
13940,Operation/Personnel Violations,2
13940,Use Of Force,1
14089,False Arrest,1
14089,Illegal Search,6
14089,Lockup Procedures,1
14089,Operation/Personnel Violations,10
14089,Traffic,1
14089,Use Of Force,8
14089,Verbal Abuse,8
14098,Conduct Unbecoming (Off-Duty),8
14098,Criminal Misconduct,1
14098,Domestic,6
14098,False Arrest,1
14098,Lockup Procedures,3
14098,Operation/Personnel Violations,20
14098,Traffic,4
14098,Use Of Force,3
14098,Verbal Abuse,1
14169,Domestic,1
14169,False Arrest,1
14169,Illegal Search,8
14169,Lockup Procedures,1
14169,Operation/Personnel Violations,7
14169,Traffic,1
14169,Unknown,1
14169,Use Of Force,5
14169,Verbal Abuse,1
14183,False Arrest,1
14183,Illegal Search,1
14183,Lockup Procedures,2
14183,Use Of Force,1
14400,Bribery / Official Corruption,1
14400,Domestic,1
14400,False Arrest,4
14400,Illegal Search,1
14400,Lockup Procedures,1
14400,Operation/Personnel Violations,5
14400,Traffic,1
14400,Use Of Force,8
14400,Verbal Abuse,1
14409,False Arrest,2
14409,Illegal Search,3
14409,Operation/Personnel Violations,1
14409,Racial Profiling,1
14442,Criminal Misconduct,1
14442,Domestic,3
14442,False Arrest,4
14442,Illegal Search,16
14442,Lockup Procedures,6
14442,Operation/Personnel Violations,5
14442,Use Of Force,19
14442,Verbal Abuse,2
14479,Criminal Misconduct,1
14479,False Arrest,1
14479,Illegal Search,2
14479,Money / Property,1
14479,Traffic,2
14479,Use Of Force,4
14674,False Arrest,2
14674,Illegal Search,1
14674,Lockup Procedures,2
14674,Operation/Personnel Violations,3
14674,Use Of Force,3
14897,Illegal Search,5
14897,Lockup Procedures,2
14897,Operation/Personnel Violations,6
14897,Supervisory Responsibilities,1
14897,Traffic,1
14897,Verbal Abuse,1
14939,Domestic,1
14939,Operation/Personnel Violations,6
14939,Traffic,2
14939,Use Of Force,7
14939,Verbal Abuse,1
14969,Bribery / Official Corruption,1
14969,Domestic,2
14969,False Arrest,5
14969,Illegal Search,4
14969,Lockup Procedures,3
14969,Operation/Personnel Violations,8
14969,Traffic,2
14969,Use Of Force,10
15029,False Arrest,1
15029,Illegal Search,1
15029,Use Of Force,1
15228,Conduct Unbecoming (Off-Duty),3
15228,Domestic,2
15228,Illegal Search,6
15228,Lockup Procedures,6
15228,Operation/Personnel Violations,37
15228,Traffic,4
15228,Use Of Force,16
15228,Verbal Abuse,2
15359,False Arrest,2
15359,Illegal Search,2
15359,Lockup Procedures,2
15359,Operation/Personnel Violations,2
15359,Use Of Force,2
15776,Bribery / Official Corruption,1
15776,False Arrest,2
15776,Illegal Search,6
15776,Operation/Personnel Violations,3
15776,Use Of Force,2
15776,Verbal Abuse,1
15778,Domestic,3
15778,False Arrest,1
15778,Illegal Search,5
15778,Lockup Procedures,2
15778,Operation/Personnel Violations,8
15778,Traffic,1
15778,Use Of Force,6
15778,Verbal Abuse,3
15795,Criminal Misconduct,1
15795,False Arrest,2
15795,Illegal Search,8
15795,Lockup Procedures,2
15795,Operation/Personnel Violations,3
15795,Supervisory Responsibilities,1
15795,Use Of Force,5
15925,Conduct Unbecoming (Off-Duty),2
15925,Criminal Misconduct,1
15925,False Arrest,3
15925,Illegal Search,4
15925,Lockup Procedures,1
15925,Operation/Personnel Violations,1
15925,Traffic,1
15925,Use Of Force,8
16061,Domestic,1
16061,False Arrest,2
16061,Illegal Search,14
16061,Operation/Personnel Violations,5
16061,Use Of Force,4
16133,Bribery / Official Corruption,1
16133,Conduct Unbecoming (Off-Duty),1
16133,Drug / Alcohol Abuse,1
16133,False Arrest,1
16133,Illegal Search,4
16133,Lockup Procedures,2
16133,Operation/Personnel Violations,11
16133,Use Of Force,7
16133,Verbal Abuse,2
16265,Lockup Procedures,1
16265,Operation/Personnel Violations,6
16265,Traffic,2
16265,Use Of Force,2
16273,Conduct Unbecoming (Off-Duty),1
16273,Criminal Misconduct,1
16273,False Arrest,2
16273,Illegal Search,2
16273,Lockup Procedures,2
16273,Operation/Personnel Violations,8
16273,Traffic,2
16273,Use Of Force,3
16273,Verbal Abuse,1
16292,Lockup Procedures,1
16292,Operation/Personnel Violations,3
16292,Use Of Force,1
16385,Criminal Misconduct,1
16385,False Arrest,10
16385,Illegal Search,14
16385,Lockup Procedures,1
16385,Operation/Personnel Violations,12
16385,Use Of Force,21
16385,Verbal Abuse,2
16434,False Arrest,1
16434,Lockup Procedures,2
16434,Operation/Personnel Violations,1
16434,Traffic,1
16434,Use Of Force,1
16515,Conduct Unbecoming (Off-Duty),2
16515,False Arrest,2
16515,Illegal Search,9
16515,Lockup Procedures,1
16515,Operation/Personnel Violations,3
16515,Traffic,1
16515,Use Of Force,5
16515,Verbal Abuse,1
16535,Conduct Unbecoming (Off-Duty),1
16535,Illegal Search,1
16535,Money / Property,1
16535,Operation/Personnel Violations,2
16535,Use Of Force,2
16544,Domestic,1
16544,False Arrest,4
16544,Illegal Search,13
16544,Lockup Procedures,2
16544,Operation/Personnel Violations,8
16544,Traffic,1
16544,Use Of Force,1
16560,Domestic,1
16560,False Arrest,3
16560,Illegal Search,1
16560,Operation/Personnel Violations,6
16560,Use Of Force,2
16606,Domestic,1
16606,False Arrest,1
16606,Illegal Search,1
16606,Lockup Procedures,1
16606,Operation/Personnel Violations,17
16606,Traffic,3
16606,Use Of Force,5
16664,False Arrest,1
16664,Illegal Search,1
16664,Operation/Personnel Violations,1
16664,Use Of Force,2
16733,Criminal Misconduct,1
16733,Domestic,1
16733,Illegal Search,1
16733,Operation/Personnel Violations,10
16733,Racial Profiling,1
16733,Traffic,1
16733,Use Of Force,6
16920,False Arrest,3
16920,Illegal Search,4
16920,Operation/Personnel Violations,5
17023,Criminal Misconduct,1
17023,Illegal Search,2
17023,Operation/Personnel Violations,7
17023,Supervisory Responsibilities,1
17023,Use Of Force,2
17077,Criminal Misconduct,1
17077,Domestic,1
17077,False Arrest,2
17077,Illegal Search,3
17077,Operation/Personnel Violations,5
17077,Use Of Force,5
17077,Verbal Abuse,1
17128,Criminal Misconduct,1
17128,Domestic,1
17128,Illegal Search,5
17128,Operation/Personnel Violations,9
17128,Use Of Force,3
17128,Verbal Abuse,1
17163,Illegal Search,1
17163,Operation/Personnel Violations,3
17163,Traffic,1
17217,False Arrest,3
17217,Illegal Search,9
17217,Lockup Procedures,1
17217,Operation/Personnel Violations,2
17217,Use Of Force,4
17346,False Arrest,1
17346,Illegal Search,2
17346,Lockup Procedures,1
17346,Operation/Personnel Violations,2
17346,Use Of Force,6
17372,Conduct Unbecoming (Off-Duty),1
17372,Domestic,4
17372,Drug / Alcohol Abuse,1
17372,False Arrest,1
17372,Illegal Search,19
17372,Operation/Personnel Violations,18
17372,Supervisory Responsibilities,1
17372,Traffic,4
17372,Use Of Force,21
17372,Verbal Abuse,19
17442,Domestic,2
17442,False Arrest,1
17442,Illegal Search,1
17442,Operation/Personnel Violations,15
17442,Traffic,4
17442,Use Of Force,4
17442,Verbal Abuse,6
17548,False Arrest,2
17548,Illegal Search,10
17548,Lockup Procedures,2
17548,Money / Property,2
17548,Operation/Personnel Violations,2
17548,Use Of Force,5
17548,Verbal Abuse,2
17613,Bribery / Official Corruption,2
17613,False Arrest,6
17613,Illegal Search,23
17613,Lockup Procedures,3
17613,Money / Property,1
17613,Operation/Personnel Violations,10
17613,Traffic,3
17613,Use Of Force,4
17616,False Arrest,1
17616,Operation/Personnel Violations,1
17616,Traffic,1
17616,Use Of Force,1
17647,Conduct Unbecoming (Off-Duty),1
17647,Domestic,1
17647,False Arrest,10
17647,Illegal Search,22
17647,Lockup Procedures,4
17647,Operation/Personnel Violations,5
17647,Use Of Force,24
17647,Verbal Abuse,4
17830,Conduct Unbecoming (Off-Duty),1
17830,Criminal Misconduct,2
17830,Domestic,6
17830,False Arrest,3
17830,Illegal Search,4
17830,Lockup Procedures,4
17830,Operation/Personnel Violations,9
17830,Traffic,1
17830,Use Of Force,7
17830,Verbal Abuse,5
17904,Drug / Alcohol Abuse,1
17904,Illegal Search,2
17904,Operation/Personnel Violations,10
17904,Traffic,3
17904,Use Of Force,2
18023,Conduct Unbecoming (Off-Duty),4
18023,Criminal Misconduct,1
18023,False Arrest,1
18023,Illegal Search,5
18023,Lockup Procedures,1
18023,Operation/Personnel Violations,4
18023,Supervisory Responsibilities,1
18023,Traffic,1
18023,Use Of Force,5
18023,Verbal Abuse,1
18266,Criminal Misconduct,3
18266,False Arrest,3
18266,Illegal Search,24
18266,Lockup Procedures,2
18266,Money / Property,2
18266,Operation/Personnel Violations,15
18266,Traffic,2
18266,Use Of Force,8
18266,Verbal Abuse,2
18571,False Arrest,1
18571,Illegal Search,5
18571,Lockup Procedures,3
18571,Operation/Personnel Violations,2
18571,Use Of Force,8
18644,Domestic,2
18644,Illegal Search,5
18644,Lockup Procedures,2
18644,Operation/Personnel Violations,9
18644,Supervisory Responsibilities,2
18644,Use Of Force,6
18644,Verbal Abuse,2
18711,False Arrest,6
18711,Illegal Search,5
18711,Lockup Procedures,2
18711,Use Of Force,2
18711,Verbal Abuse,1
18872,Conduct Unbecoming (Off-Duty),1
18872,False Arrest,1
18872,Illegal Search,5
18872,Operation/Personnel Violations,7
18872,Use Of Force,8
18872,Verbal Abuse,2
19005,False Arrest,5
19005,Illegal Search,7
19005,Money / Property,1
19005,Operation/Personnel Violations,1
19005,Use Of Force,3
19519,Bribery / Official Corruption,1
19519,Domestic,1
19519,False Arrest,1
19519,Illegal Search,4
19519,Lockup Procedures,1
19519,Operation/Personnel Violations,8
19519,Use Of Force,1
19549,False Arrest,2
19549,Illegal Search,3
19549,Lockup Procedures,2
19549,Medical,1
19549,Operation/Personnel Violations,4
19549,Traffic,3
19549,Use Of Force,3
19549,Verbal Abuse,3
19671,Conduct Unbecoming (Off-Duty),1
19671,False Arrest,3
19671,Illegal Search,4
19671,Lockup Procedures,1
19671,Money / Property,1
19671,Operation/Personnel Violations,8
19671,Supervisory Responsibilities,1
19671,Use Of Force,3
19714,Conduct Unbecoming (Off-Duty),1
19714,Domestic,3
19714,Drug / Alcohol Abuse,1
19714,Illegal Search,1
19714,Operation/Personnel Violations,3
19714,Use Of Force,5
19785,Illegal Search,9
19785,Lockup Procedures,1
19785,Operation/Personnel Violations,6
19785,Supervisory Responsibilities,1
19785,Use Of Force,3
19785,Verbal Abuse,1
19798,Conduct Unbecoming (Off-Duty),1
19798,False Arrest,1
19798,Operation/Personnel Violations,9
19798,Use Of Force,3
19829,Conduct Unbecoming (Off-Duty),1
19829,Domestic,1
19829,False Arrest,1
19829,Illegal Search,8
19829,Operation/Personnel Violations,6
19829,Traffic,1
19829,Use Of Force,5
19835,Conduct Unbecoming (Off-Duty),1
19835,Domestic,1
19835,False Arrest,1
19835,Illegal Search,2
19835,Lockup Procedures,3
19835,Traffic,2
19835,Use Of Force,8
19835,Verbal Abuse,2
19858,Conduct Unbecoming (Off-Duty),6
19858,Criminal Misconduct,1
19858,False Arrest,1
19858,Lockup Procedures,3
19858,Operation/Personnel Violations,13
19858,Traffic,3
19858,Use Of Force,7
19858,Verbal Abuse,5
19941,False Arrest,2
19941,Illegal Search,1
19941,Lockup Procedures,1
19941,Money / Property,1
19941,Use Of Force,2
19969,False Arrest,2
19969,Operation/Personnel Violations,2
20035,False Arrest,1
20035,Illegal Search,2
20035,Lockup Procedures,1
20035,Operation/Personnel Violations,4
20035,Traffic,1
20035,Use Of Force,3
20035,Verbal Abuse,1
20038,Domestic,1
20038,False Arrest,4
20038,Illegal Search,15
20038,Lockup Procedures,1
20038,Operation/Personnel Violations,6
20038,Supervisory Responsibilities,1
20038,Traffic,1
20038,Use Of Force,9
20057,False Arrest,5
20057,Illegal Search,16
20057,Lockup Procedures,4
20057,Operation/Personnel Violations,1
20057,Traffic,2
20057,Use Of Force,5
20057,Verbal Abuse,1
20104,False Arrest,3
20104,Illegal Search,1
20104,Lockup Procedures,2
20104,Operation/Personnel Violations,4
20104,Use Of Force,3
20177,Bribery / Official Corruption,1
20177,False Arrest,2
20177,Illegal Search,2
20177,Lockup Procedures,1
20177,Operation/Personnel Violations,2
20177,Use Of Force,2
20187,Domestic,1
20187,Drug / Alcohol Abuse,1
20187,Lockup Procedures,1
20187,Operation/Personnel Violations,9
20187,Supervisory Responsibilities,2
20187,Traffic,1
20187,Use Of Force,9
20196,Conduct Unbecoming (Off-Duty),1
20196,False Arrest,2
20196,Illegal Search,5
20196,Operation/Personnel Violations,6
20196,Use Of Force,7
20196,Verbal Abuse,1
20273,False Arrest,2
20273,Illegal Search,4
20273,Operation/Personnel Violations,1
20273,Use Of Force,5
20273,Verbal Abuse,1
20276,Domestic,1
20276,Illegal Search,2
20276,Operation/Personnel Violations,5
20276,Use Of Force,6
20495,Conduct Unbecoming (Off-Duty),1
20495,False Arrest,2
20495,Illegal Search,3
20495,Lockup Procedures,3
20495,Operation/Personnel Violations,15
20495,Supervisory Responsibilities,4
20495,Use Of Force,8
20567,False Arrest,2
20567,Illegal Search,1
20567,Operation/Personnel Violations,1
20567,Use Of Force,2
20658,Conduct Unbecoming (Off-Duty),1
20658,Criminal Misconduct,1
20658,Domestic,1
20658,False Arrest,2
20658,Illegal Search,2
20658,Operation/Personnel Violations,10
20658,Use Of Force,6
20733,Illegal Search,1
20733,Operation/Personnel Violations,1
20733,Use Of Force,3
20738,False Arrest,2
20738,Illegal Search,2
20738,Lockup Procedures,2
20738,Operation/Personnel Violations,1
20738,Use Of Force,1
21124,Bribery / Official Corruption,1
21124,False Arrest,4
21124,Illegal Search,22
21124,Lockup Procedures,5
21124,Operation/Personnel Violations,12
21124,Supervisory Responsibilities,1
21124,Use Of Force,10
21124,Verbal Abuse,2
21138,Conduct Unbecoming (Off-Duty),1
21138,False Arrest,1
21138,Illegal Search,4
21138,Lockup Procedures,1
21138,Operation/Personnel Violations,2
21138,Use Of Force,2
21214,False Arrest,1
21214,Illegal Search,1
21214,Operation/Personnel Violations,3
21325,Domestic,1
21325,False Arrest,5
21325,Illegal Search,14
21325,Operation/Personnel Violations,6
21325,Traffic,1
21325,Use Of Force,6
21325,Verbal Abuse,1
21431,Bribery / Official Corruption,1
21431,Conduct Unbecoming (Off-Duty),1
21431,False Arrest,1
21431,Illegal Search,2
21431,Lockup Procedures,6
21431,Operation/Personnel Violations,2
21431,Traffic,1
21431,Use Of Force,6
21431,Verbal Abuse,2
21447,Illegal Search,3
21447,Operation/Personnel Violations,13
21447,Traffic,1
21447,Use Of Force,3
21448,Bribery / Official Corruption,1
21448,Criminal Misconduct,6
21448,Domestic,2
21448,Drug / Alcohol Abuse,1
21448,False Arrest,1
21448,Illegal Search,17
21448,Lockup Procedures,3
21448,Operation/Personnel Violations,9
21448,Use Of Force,13
21448,Verbal Abuse,4
21455,Illegal Search,4
21455,Lockup Procedures,2
21455,Operation/Personnel Violations,2
21455,Traffic,1
21455,Use Of Force,2
21492,Conduct Unbecoming (Off-Duty),3
21492,Domestic,5
21492,False Arrest,1
21492,Illegal Search,1
21492,Operation/Personnel Violations,7
21492,Use Of Force,1
21562,False Arrest,2
21562,Illegal Search,5
21562,Lockup Procedures,1
21562,Operation/Personnel Violations,3
21562,Traffic,1
21562,Use Of Force,2
21590,Conduct Unbecoming (Off-Duty),2
21590,Illegal Search,3
21590,Operation/Personnel Violations,21
21590,Traffic,2
21590,Use Of Force,7
21590,Verbal Abuse,5
21653,Illegal Search,4
21653,Lockup Procedures,1
21653,Operation/Personnel Violations,7
21653,Use Of Force,7
21653,Verbal Abuse,1
21671,Conduct Unbecoming (Off-Duty),1
21671,Domestic,1
21671,Illegal Search,5
21671,Money / Property,1
21671,Operation/Personnel Violations,10
21671,Traffic,1
21671,Use Of Force,7
21671,Verbal Abuse,2
21768,False Arrest,1
21768,Operation/Personnel Violations,1
21768,Traffic,1
21768,Use Of Force,3
21768,Verbal Abuse,1
21876,Conduct Unbecoming (Off-Duty),4
21876,Domestic,3
21876,False Arrest,1
21876,Illegal Search,8
21876,Lockup Procedures,2
21876,Operation/Personnel Violations,14
21876,Use Of Force,11
21876,Verbal Abuse,2
21921,False Arrest,1
21921,Illegal Search,1
21921,Operation/Personnel Violations,3
21921,Use Of Force,4
21921,Verbal Abuse,1
21941,False Arrest,1
21941,Illegal Search,8
21941,Operation/Personnel Violations,1
21941,Use Of Force,4
21955,False Arrest,2
21955,Illegal Search,4
21955,Lockup Procedures,5
21955,Operation/Personnel Violations,2
21955,Use Of Force,4
21955,Verbal Abuse,1
22207,Conduct Unbecoming (Off-Duty),1
22207,Domestic,1
22207,Operation/Personnel Violations,6
22218,False Arrest,2
22218,Lockup Procedures,1
22218,Money / Property,1
22219,Conduct Unbecoming (Off-Duty),1
22219,Domestic,1
22219,Lockup Procedures,2
22219,Operation/Personnel Violations,6
22219,Traffic,1
22256,Domestic,1
22256,False Arrest,2
22256,Illegal Search,3
22256,Lockup Procedures,2
22256,Operation/Personnel Violations,3
22285,False Arrest,1
22285,Operation/Personnel Violations,2
22286,Illegal Search,5
22286,Lockup Procedures,1
22286,Operation/Personnel Violations,1
22532,Criminal Misconduct,1
22532,False Arrest,2
22532,Illegal Search,2
22532,Lockup Procedures,1
22532,Traffic,1
22532,Use Of Force,3
22552,Conduct Unbecoming (Off-Duty),1
22552,False Arrest,4
22552,Illegal Search,2
22552,Operation/Personnel Violations,6
22552,Use Of Force,4
22701,Criminal Misconduct,1
22701,False Arrest,3
22701,Illegal Search,13
22701,Lockup Procedures,2
22701,Operation/Personnel Violations,7
22701,Use Of Force,9
22760,False Arrest,2
22760,Illegal Search,1
22760,Operation/Personnel Violations,5
22760,Use Of Force,1
22789,Domestic,1
22789,False Arrest,4
22789,Illegal Search,11
22789,Lockup Procedures,2
22789,Operation/Personnel Violations,10
22789,Supervisory Responsibilities,1
22789,Traffic,1
22789,Use Of Force,14
22789,Verbal Abuse,4
22824,Illegal Search,1
22824,Operation/Personnel Violations,12
22824,Use Of Force,4
22946,Domestic,1
22946,False Arrest,2
22946,Illegal Search,4
22946,Lockup Procedures,1
22946,Operation/Personnel Violations,2
22946,Use Of Force,1
23004,Conduct Unbecoming (Off-Duty),3
23004,Domestic,2
23004,False Arrest,12
23004,Illegal Search,4
23004,Lockup Procedures,4
23004,Operation/Personnel Violations,18
23004,Traffic,3
23004,Use Of Force,10
23004,Verbal Abuse,5
23027,False Arrest,1
23027,Illegal Search,1
23027,Lockup Procedures,1
23027,Money / Property,1
23027,Operation/Personnel Violations,3
23067,False Arrest,4
23067,Illegal Search,10
23067,Money / Property,2
23067,Operation/Personnel Violations,2
23067,Use Of Force,11
23152,Lockup Procedures,1
23152,Operation/Personnel Violations,2
23152,Traffic,1
23152,Use Of Force,2
23160,False Arrest,1
23160,Illegal Search,7
23160,Operation/Personnel Violations,3
23160,Verbal Abuse,1
23171,Illegal Search,3
23171,Lockup Procedures,1
23171,Traffic,2
23171,Use Of Force,3
23344,False Arrest,3
23344,Illegal Search,7
23344,Lockup Procedures,1
23344,Money / Property,1
23344,Operation/Personnel Violations,4
23344,Use Of Force,4
23357,False Arrest,2
23357,Illegal Search,6
23357,Lockup Procedures,1
23357,Money / Property,2
23357,Operation/Personnel Violations,6
23357,Use Of Force,3
23357,Verbal Abuse,1
23376,Conduct Unbecoming (Off-Duty),1
23376,Domestic,2
23376,Illegal Search,2
23376,Operation/Personnel Violations,17
23376,Traffic,1
23421,Domestic,1
23421,False Arrest,4
23421,Illegal Search,4
23421,Lockup Procedures,2
23421,Operation/Personnel Violations,1
23421,Use Of Force,2
23421,Verbal Abuse,1
23456,Domestic,2
23456,Lockup Procedures,1
23456,Operation/Personnel Violations,18
23456,Use Of Force,13
23456,Verbal Abuse,1
23462,False Arrest,2
23462,Illegal Search,1
23462,Lockup Procedures,2
23462,Use Of Force,2
23470,Conduct Unbecoming (Off-Duty),1
23470,Illegal Search,1
23470,Lockup Procedures,1
23470,Operation/Personnel Violations,2
23470,Use Of Force,1
23494,Excessive Force,1
23494,Lockup Procedures,1
23494,Use Of Force,2
23509,Operation/Personnel Violations,5
23509,Use Of Force,1
23537,False Arrest,9
23537,Illegal Search,11
23537,Lockup Procedures,1
23537,Operation/Personnel Violations,7
23537,Use Of Force,7
23610,Illegal Search,2
23610,Lockup Procedures,1
23610,Use Of Force,1
23661,Domestic,3
23661,Operation/Personnel Violations,26
23661,Traffic,3
23661,Use Of Force,3
23661,Verbal Abuse,5
23775,False Arrest,3
23775,Illegal Search,3
23775,Lockup Procedures,1
23775,Operation/Personnel Violations,2
23775,Use Of Force,3
23775,Verbal Abuse,3
23783,Conduct Unbecoming (Off-Duty),1
23783,Domestic,3
23783,False Arrest,3
23783,Illegal Search,11
23783,Lockup Procedures,1
23783,Operation/Personnel Violations,19
23783,Traffic,2
23783,Use Of Force,14
23783,Verbal Abuse,2
23789,Illegal Search,1
23789,Lockup Procedures,2
23789,Operation/Personnel Violations,12
23789,Verbal Abuse,2
24033,Operation/Personnel Violations,3
24033,Use Of Force,2
24106,False Arrest,1
24106,Illegal Search,2
24106,Lockup Procedures,1
24106,Operation/Personnel Violations,5
24106,Use Of Force,2
24111,False Arrest,1
24111,Illegal Search,1
24111,Operation/Personnel Violations,1
24111,Use Of Force,1
24128,Conduct Unbecoming (Off-Duty),1
24128,Criminal Misconduct,2
24128,False Arrest,1
24128,Illegal Search,29
24128,Lockup Procedures,4
24128,Money / Property,1
24128,Operation/Personnel Violations,10
24128,Supervisory Responsibilities,1
24128,Use Of Force,16
24128,Verbal Abuse,10
24150,False Arrest,1
24150,Illegal Search,1
24150,Operation/Personnel Violations,6
24171,Conduct Unbecoming (Off-Duty),1
24171,Domestic,1
24171,Illegal Search,1
24171,Lockup Procedures,2
24171,Operation/Personnel Violations,9
24171,Traffic,1
24171,Use Of Force,4
24186,False Arrest,3
24186,Illegal Search,4
24186,Lockup Procedures,3
24186,Operation/Personnel Violations,3
24186,Use Of Force,2
24426,Domestic,2
24426,False Arrest,3
24426,Illegal Search,9
24426,Lockup Procedures,3
24426,Operation/Personnel Violations,21
24426,Traffic,6
24426,Unknown,1
24426,Use Of Force,18
24426,Verbal Abuse,8
24449,Illegal Search,1
24449,Operation/Personnel Violations,2
24536,Conduct Unbecoming (Off-Duty),2
24536,False Arrest,3
24536,Illegal Search,1
24536,Lockup Procedures,3
24536,Operation/Personnel Violations,3
24536,Use Of Force,3
24536,Verbal Abuse,1
24599,Domestic,4
24599,False Arrest,2
24599,Illegal Search,13
24599,Lockup Procedures,3
24599,Operation/Personnel Violations,6
24599,Traffic,1
24599,Use Of Force,7
24599,Verbal Abuse,1
24615,Illegal Search,2
24615,Lockup Procedures,1
24615,Operation/Personnel Violations,1
24615,Use Of Force,1
24644,False Arrest,1
24644,Lockup Procedures,2
24644,Operation/Personnel Violations,2
24644,Supervisory Responsibilities,1
24644,Use Of Force,1
24662,False Arrest,1
24662,Illegal Search,4
24662,Lockup Procedures,1
24695,Criminal Misconduct,1
24695,Domestic,4
24695,False Arrest,1
24695,Illegal Search,4
24695,Lockup Procedures,1
24695,Use Of Force,10
24695,Verbal Abuse,1
24841,False Arrest,2
24841,Illegal Search,3
24841,Lockup Procedures,2
24841,Operation/Personnel Violations,3
24841,Use Of Force,2
24841,Verbal Abuse,1
24924,Bribery / Official Corruption,1
24924,False Arrest,2
24924,Illegal Search,10
24924,Lockup Procedures,2
24924,Operation/Personnel Violations,7
24924,Use Of Force,4
24924,Verbal Abuse,1
24926,Domestic,1
24926,Drug / Alcohol Abuse,1
24926,False Arrest,2
24926,Illegal Search,5
24926,Lockup Procedures,3
24926,Operation/Personnel Violations,4
24926,Traffic,1
24926,Use Of Force,4
25032,Domestic,1
25032,False Arrest,1
25032,Illegal Search,3
25032,Lockup Procedures,2
25032,Use Of Force,2
25071,Domestic,2
25071,Drug / Alcohol Abuse,1
25071,Illegal Search,1
25071,Operation/Personnel Violations,1
25071,Use Of Force,1
25098,False Arrest,1
25098,Illegal Search,2
25098,Operation/Personnel Violations,6
25098,Use Of Force,5
25177,Domestic,1
25177,False Arrest,4
25177,Illegal Search,7
25177,Lockup Procedures,2
25177,Operation/Personnel Violations,3
25177,Traffic,2
25177,Use Of Force,8
25177,Verbal Abuse,2
25191,Bribery / Official Corruption,1
25191,False Arrest,4
25191,Illegal Search,9
25191,Lockup Procedures,2
25191,Money / Property,1
25191,Operation/Personnel Violations,5
25191,Use Of Force,7
25191,Verbal Abuse,1
25205,Conduct Unbecoming (Off-Duty),1
25205,False Arrest,1
25205,Illegal Search,3
25205,Lockup Procedures,3
25205,Operation/Personnel Violations,1
25205,Use Of Force,2
25221,Criminal Misconduct,1
25221,False Arrest,2
25221,Illegal Search,1
25221,Operation/Personnel Violations,4
25221,Use Of Force,6
25276,Illegal Search,3
25276,Operation/Personnel Violations,6
25276,Traffic,1
25281,False Arrest,1
25281,Illegal Search,1
25281,Operation/Personnel Violations,6
25281,Use Of Force,1
25369,False Arrest,4
25369,Illegal Search,12
25369,Lockup Procedures,2
25369,Use Of Force,1
25384,Conduct Unbecoming (Off-Duty),1
25384,False Arrest,1
25384,Lockup Procedures,1
25384,Operation/Personnel Violations,4
25384,Traffic,1
25384,Use Of Force,2
25518,False Arrest,1
25518,Illegal Search,1
25518,Lockup Procedures,1
25518,Money / Property,1
25518,Operation/Personnel Violations,2
25518,Traffic,1
25717,Domestic,1
25717,False Arrest,4
25717,Illegal Search,19
25717,Lockup Procedures,4
25717,Operation/Personnel Violations,6
25717,Supervisory Responsibilities,1
25717,Use Of Force,13
25789,False Arrest,1
25789,Lockup Procedures,3
25789,Operation/Personnel Violations,4
25789,Traffic,1
25789,Use Of Force,3
25799,Conduct Unbecoming (Off-Duty),1
25799,Criminal Misconduct,2
25799,Domestic,4
25799,False Arrest,2
25799,Illegal Search,22
25799,Lockup Procedures,12
25799,Operation/Personnel Violations,19
25799,Supervisory Responsibilities,1
25799,Use Of Force,20
25799,Verbal Abuse,8
25963,Conduct Unbecoming (Off-Duty),3
25963,Criminal Misconduct,1
25963,False Arrest,3
25963,Illegal Search,15
25963,Lockup Procedures,10
25963,Operation/Personnel Violations,22
25963,Traffic,4
25963,Use Of Force,10
25963,Verbal Abuse,3
26018,Illegal Search,8
26018,Use Of Force,5
26018,Verbal Abuse,1
26064,Conduct Unbecoming (Off-Duty),2
26064,Domestic,4
26064,Illegal Search,1
26064,Operation/Personnel Violations,11
26064,Use Of Force,3
26145,Criminal Misconduct,1
26145,False Arrest,2
26145,Illegal Search,4
26145,Lockup Procedures,2
26145,Money / Property,1
26145,Operation/Personnel Violations,1
26208,False Arrest,1
26208,Illegal Search,2
26208,Lockup Procedures,1
26208,Operation/Personnel Violations,4
26208,Use Of Force,2
26208,Verbal Abuse,1
26301,Domestic,1
26301,Illegal Search,2
26301,Operation/Personnel Violations,14
26301,Use Of Force,2
26301,Verbal Abuse,1
26304,Illegal Search,3
26304,Lockup Procedures,1
26304,Operation/Personnel Violations,3
26304,Use Of Force,4
26387,False Arrest,1
26387,Illegal Search,3
26387,Lockup Procedures,3
26387,Operation/Personnel Violations,3
26387,Traffic,1
26387,Use Of Force,3
26538,Drug / Alcohol Abuse,1
26538,Illegal Search,1
26538,Operation/Personnel Violations,1
26538,Racial Profiling,1
26653,Lockup Procedures,4
26653,Operation/Personnel Violations,2
26653,Traffic,1
26653,Use Of Force,3
26775,Domestic,1
26775,False Arrest,1
26775,Illegal Search,1
26775,Lockup Procedures,1
26775,Operation/Personnel Violations,13
26775,Supervisory Responsibilities,2
26775,Traffic,7
26775,Use Of Force,2
26775,Verbal Abuse,1
26943,Domestic,1
26943,False Arrest,3
26943,Illegal Search,7
26943,Lockup Procedures,1
26943,Money / Property,1
26943,Use Of Force,2
27022,False Arrest,4
27022,Illegal Search,6
27022,Lockup Procedures,2
27022,Operation/Personnel Violations,6
27022,Use Of Force,5
27103,Illegal Search,6
27103,Lockup Procedures,1
27103,Operation/Personnel Violations,3
27103,Use Of Force,4
27222,Domestic,1
27222,False Arrest,1
27222,Illegal Search,2
27222,Operation/Personnel Violations,9
27222,Supervisory Responsibilities,1
27222,Traffic,1
27222,Use Of Force,12
27222,Verbal Abuse,1
27229,Criminal Misconduct,1
27229,Domestic,1
27229,False Arrest,1
27229,Illegal Search,5
27229,Lockup Procedures,1
27229,Money / Property,1
27229,Operation/Personnel Violations,5
27229,Use Of Force,2
27373,Domestic,3
27373,Illegal Search,1
27373,Lockup Procedures,1
27373,Operation/Personnel Violations,4
27373,Traffic,1
27373,Use Of Force,7
27373,Verbal Abuse,2
27455,Domestic,5
27455,Illegal Search,3
27455,Lockup Procedures,1
27455,Operation/Personnel Violations,2
27455,Supervisory Responsibilities,1
27455,Traffic,2
27455,Use Of Force,3
27455,Verbal Abuse,1
27545,Criminal Misconduct,2
27545,False Arrest,3
27545,Illegal Search,4
27545,Lockup Procedures,3
27545,Operation/Personnel Violations,5
27545,Supervisory Responsibilities,1
27545,Use Of Force,3
27620,Conduct Unbecoming (Off-Duty),6
27620,Criminal Misconduct,1
27620,Domestic,2
27620,Illegal Search,3
27620,Operation/Personnel Violations,18
27620,Traffic,3
27620,Use Of Force,10
27620,Verbal Abuse,7
27651,Conduct Unbecoming (Off-Duty),1
27651,Criminal Misconduct,1
27651,False Arrest,3
27651,Illegal Search,13
27651,Lockup Procedures,2
27651,Operation/Personnel Violations,23
27651,Supervisory Responsibilities,3
27651,Traffic,2
27651,Use Of Force,8
27651,Verbal Abuse,3
27669,False Arrest,2
27669,Illegal Search,7
27669,Operation/Personnel Violations,1
27669,Use Of Force,6
27722,Conduct Unbecoming (Off-Duty),3
27722,Criminal Misconduct,1
27722,False Arrest,5
27722,Illegal Search,5
27722,Money / Property,1
27722,Operation/Personnel Violations,6
27722,Supervisory Responsibilities,1
27722,Use Of Force,13
27722,Verbal Abuse,2
27748,False Arrest,2
27748,Illegal Search,4
27748,Lockup Procedures,2
27748,Verbal Abuse,1
27765,False Arrest,1
27765,Illegal Search,1
27765,Operation/Personnel Violations,2
28024,Conduct Unbecoming (Off-Duty),2
28024,Domestic,1
28024,False Arrest,2
28024,Illegal Search,1
28024,Lockup Procedures,1
28024,Operation/Personnel Violations,1
28024,Traffic,2
28024,Use Of Force,4
28031,False Arrest,1
28031,Illegal Search,3
28031,Lockup Procedures,1
28031,Operation/Personnel Violations,1
28031,Use Of Force,1
28049,False Arrest,3
28049,Illegal Search,1
28049,Operation/Personnel Violations,15
28049,Use Of Force,2
28049,Verbal Abuse,1
28276,Operation/Personnel Violations,4
28276,Supervisory Responsibilities,1
28287,Conduct Unbecoming (Off-Duty),1
28287,False Arrest,1
28287,Operation/Personnel Violations,5
28287,Use Of Force,2
28287,Verbal Abuse,1
28301,Lockup Procedures,2
28301,Operation/Personnel Violations,3
28301,Use Of Force,3
28329,Excessive Force,1
28329,False Arrest,6
28329,Illegal Search,11
28329,Lockup Procedures,2
28329,Operation/Personnel Violations,4
28329,Use Of Force,6
28383,False Arrest,3
28383,Illegal Search,4
28383,Lockup Procedures,2
28383,Money / Property,2
28383,Operation/Personnel Violations,3
28383,Use Of Force,3
28383,Verbal Abuse,1
28385,Illegal Search,1
28385,Operation/Personnel Violations,5
28385,Use Of Force,1
28451,Domestic,2
28451,False Arrest,2
28451,Illegal Search,2
28451,Lockup Procedures,3
28451,Operation/Personnel Violations,3
28451,Traffic,2
28451,Use Of Force,7
28451,Verbal Abuse,1
28468,Criminal Misconduct,1
28468,Illegal Search,2
28468,Operation/Personnel Violations,9
28468,Supervisory Responsibilities,1
28468,Traffic,2
28610,Illegal Search,2
28610,Operation/Personnel Violations,6
28610,Supervisory Responsibilities,1
28610,Traffic,1
28610,Use Of Force,2
28667,False Arrest,2
28667,Illegal Search,4
28667,Use Of Force,3
28768,Illegal Search,1
28768,Operation/Personnel Violations,7
28768,Use Of Force,7
28771,Criminal Misconduct,1
28771,Illegal Search,3
28771,Lockup Procedures,1
28771,Money / Property,1
28771,Operation/Personnel Violations,5
28771,Use Of Force,2
28773,False Arrest,3
28773,Illegal Search,1
28773,Operation/Personnel Violations,3
28773,Use Of Force,1
28832,Bribery / Official Corruption,1
28832,Lockup Procedures,1
28832,Operation/Personnel Violations,2
28832,Traffic,1
28832,Use Of Force,1
28838,False Arrest,3
28838,Illegal Search,5
28838,Money / Property,1
28838,Operation/Personnel Violations,6
28838,Use Of Force,3
28838,Verbal Abuse,1
28871,Bribery / Official Corruption,1
28871,Criminal Misconduct,1
28871,False Arrest,11
28871,Illegal Search,6
28871,Money / Property,1
28871,Operation/Personnel Violations,7
28871,Use Of Force,8
28878,Drug / Alcohol Abuse,1
28878,False Arrest,4
28878,Illegal Search,11
28878,Lockup Procedures,2
28878,Money / Property,2
28878,Operation/Personnel Violations,5
28878,Use Of Force,3
28878,Verbal Abuse,1
28958,Domestic,2
28958,Drug / Alcohol Abuse,1
28958,False Arrest,1
28958,Illegal Search,4
28958,Lockup Procedures,4
28958,Operation/Personnel Violations,7
28958,Use Of Force,7
28958,Verbal Abuse,1
29031,Domestic,1
29031,Illegal Search,1
29031,Lockup Procedures,2
29031,Operation/Personnel Violations,2
29031,Traffic,2
29031,Use Of Force,8
29128,Domestic,2
29128,False Arrest,2
29128,Illegal Search,10
29128,Lockup Procedures,1
29128,Operation/Personnel Violations,6
29128,Use Of Force,2
29166,Domestic,3
29166,False Arrest,5
29166,Illegal Search,10
29166,Lockup Procedures,1
29166,Operation/Personnel Violations,5
29166,Use Of Force,13
29166,Verbal Abuse,2
29197,Conduct Unbecoming (Off-Duty),1
29197,Domestic,5
29197,False Arrest,1
29197,Illegal Search,1
29197,Operation/Personnel Violations,13
29197,Supervisory Responsibilities,1
29197,Use Of Force,8
29197,Verbal Abuse,6
29270,False Arrest,4
29270,Illegal Search,2
29270,Operation/Personnel Violations,6
29270,Supervisory Responsibilities,1
29270,Traffic,1
29270,Use Of Force,2
29378,Conduct Unbecoming (Off-Duty),1
29378,Lockup Procedures,1
29378,Operation/Personnel Violations,1
29378,Supervisory Responsibilities,1
29378,Use Of Force,2
29380,Domestic,2
29380,False Arrest,2
29380,Illegal Search,6
29380,Lockup Procedures,1
29380,Operation/Personnel Violations,4
29380,Traffic,1
29380,Use Of Force,2
29399,False Arrest,5
29399,Illegal Search,4
29399,Lockup Procedures,4
29399,Operation/Personnel Violations,2
29399,Use Of Force,3
29399,Verbal Abuse,1
29432,False Arrest,1
29432,Illegal Search,7
29432,Lockup Procedures,2
29432,Operation/Personnel Violations,2
29432,Use Of Force,4
29454,False Arrest,2
29454,Illegal Search,8
29454,Operation/Personnel Violations,2
29454,Use Of Force,5
29454,Verbal Abuse,1
29566,Lockup Procedures,1
29566,Operation/Personnel Violations,1
29566,Traffic,1
29566,Verbal Abuse,1
29609,Bribery / Official Corruption,1
29609,False Arrest,3
29609,Illegal Search,4
29609,Lockup Procedures,2
29609,Operation/Personnel Violations,1
29609,Use Of Force,2
29609,Verbal Abuse,2
29627,Domestic,1
29627,False Arrest,1
29627,Illegal Search,2
29627,Operation/Personnel Violations,1
29627,Use Of Force,2
29627,Verbal Abuse,1
29650,Conduct Unbecoming (Off-Duty),2
29650,Criminal Misconduct,2
29650,Domestic,3
29650,False Arrest,4
29650,Illegal Search,2
29650,Lockup Procedures,7
29650,Operation/Personnel Violations,28
29650,Traffic,4
29650,Use Of Force,18
29650,Verbal Abuse,5
29670,Domestic,1
29670,False Arrest,4
29670,Illegal Search,6
29670,Lockup Procedures,2
29670,Operation/Personnel Violations,7
29670,Use Of Force,16
29670,Verbal Abuse,4
29768,Illegal Search,3
29768,Lockup Procedures,1
29768,Use Of Force,8
29772,False Arrest,5
29772,Illegal Search,7
29772,Lockup Procedures,4
29772,Operation/Personnel Violations,2
29772,Traffic,1
29772,Use Of Force,13
29772,Verbal Abuse,2
29803,Domestic,1
29803,False Arrest,1
29803,Illegal Search,4
29803,Use Of Force,1
29833,Conduct Unbecoming (Off-Duty),4
29833,Criminal Misconduct,1
29833,Domestic,4
29833,False Arrest,11
29833,Illegal Search,13
29833,Money / Property,1
29833,Operation/Personnel Violations,9
29833,Supervisory Responsibilities,1
29833,Use Of Force,13
29833,Verbal Abuse,4
29842,Conduct Unbecoming (Off-Duty),6
29842,Criminal Misconduct,1
29842,Domestic,3
29842,Illegal Search,3
29842,Operation/Personnel Violations,29
29842,Traffic,2
29842,Use Of Force,9
29842,Verbal Abuse,3
29844,Domestic,2
29844,False Arrest,2
29844,Illegal Search,4
29844,Lockup Procedures,2
29844,Operation/Personnel Violations,12
29844,Use Of Force,9
29844,Verbal Abuse,2
30012,Conduct Unbecoming (Off-Duty),3
30012,Drug / Alcohol Abuse,1
30012,Lockup Procedures,1
30012,Operation/Personnel Violations,5
30012,Traffic,1
30012,Use Of Force,2
30012,Verbal Abuse,2
30119,Criminal Misconduct,1
30119,Operation/Personnel Violations,14
30197,Bribery / Official Corruption,1
30197,Illegal Search,4
30197,Lockup Procedures,2
30197,Operation/Personnel Violations,2
30197,Use Of Force,6
30197,Verbal Abuse,1
30226,Conduct Unbecoming (Off-Duty),1
30226,Criminal Misconduct,1
30226,Domestic,3
30226,False Arrest,4
30226,Illegal Search,9
30226,Lockup Procedures,2
30226,Operation/Personnel Violations,6
30226,Use Of Force,11
30238,Conduct Unbecoming (Off-Duty),2
30238,Illegal Search,1
30238,Operation/Personnel Violations,4
30277,Domestic,1
30277,False Arrest,1
30277,Illegal Search,2
30277,Operation/Personnel Violations,7
30277,Use Of Force,4
30277,Verbal Abuse,1
30290,Domestic,1
30290,False Arrest,3
30290,Illegal Search,5
30290,Lockup Procedures,3
30290,Operation/Personnel Violations,2
30290,Traffic,3
30290,Use Of Force,7
30507,Conduct Unbecoming (Off-Duty),1
30507,Domestic,5
30507,False Arrest,1
30507,Illegal Search,3
30507,Lockup Procedures,1
30507,Operation/Personnel Violations,9
30507,Supervisory Responsibilities,1
30507,Traffic,2
30507,Use Of Force,5
30507,Verbal Abuse,2
30515,False Arrest,1
30515,Illegal Search,2
30515,Lockup Procedures,2
30515,Operation/Personnel Violations,3
30515,Traffic,1
30515,Use Of Force,4
30515,Verbal Abuse,1
30598,Conduct Unbecoming (Off-Duty),1
30598,Illegal Search,3
30598,Lockup Procedures,1
30598,Operation/Personnel Violations,3
30598,Use Of Force,1
30784,False Arrest,3
30784,Illegal Search,1
30784,Lockup Procedures,4
30784,Operation/Personnel Violations,3
30784,Use Of Force,7
30784,Verbal Abuse,1
30834,Conduct Unbecoming (Off-Duty),1
30834,Criminal Misconduct,1
30834,Domestic,1
30834,Illegal Search,3
30834,Lockup Procedures,4
30834,Operation/Personnel Violations,17
30834,Supervisory Responsibilities,1
30834,Use Of Force,7
30834,Verbal Abuse,1
30860,Conduct Unbecoming (Off-Duty),2
30860,Criminal Misconduct,2
30860,Domestic,1
30860,Lockup Procedures,5
30860,Operation/Personnel Violations,12
30860,Traffic,3
30860,Use Of Force,6
31064,Bribery / Official Corruption,1
31064,Conduct Unbecoming (Off-Duty),2
31064,Domestic,2
31064,False Arrest,2
31064,Illegal Search,2
31064,Lockup Procedures,5
31064,Operation/Personnel Violations,5
31064,Use Of Force,7
31064,Verbal Abuse,1
31119,Criminal Misconduct,3
31119,False Arrest,6
31119,Illegal Search,55
31119,Lockup Procedures,3
31119,Money / Property,1
31119,Operation/Personnel Violations,19
31119,Supervisory Responsibilities,1
31119,Traffic,2
31119,Use Of Force,9
31119,Verbal Abuse,6
31196,Conduct Unbecoming (Off-Duty),4
31196,Criminal Misconduct,1
31196,Domestic,2
31196,Illegal Search,1
31196,Lockup Procedures,2
31196,Operation/Personnel Violations,17
31196,Traffic,6
31196,Use Of Force,8
31196,Verbal Abuse,5
31298,False Arrest,2
31298,Illegal Search,1
31298,Lockup Procedures,1
31298,Use Of Force,2
31301,False Arrest,1
31301,Illegal Search,1
31301,Operation/Personnel Violations,1
31301,Use Of Force,1
31367,Domestic,1
31367,Operation/Personnel Violations,1
31367,Use Of Force,1
31397,Domestic,2
31397,False Arrest,4
31397,Illegal Search,4
31397,Lockup Procedures,2
31397,Operation/Personnel Violations,3
31397,Use Of Force,7
31397,Verbal Abuse,2
31443,False Arrest,1
31443,Illegal Search,5
31443,Lockup Procedures,3
31443,Operation/Personnel Violations,7
31443,Traffic,1
31443,Use Of Force,5
31576,False Arrest,2
31576,Lockup Procedures,1
31576,Operation/Personnel Violations,3
31576,Use Of Force,7
31576,Verbal Abuse,1
31598,Conduct Unbecoming (Off-Duty),1
31598,False Arrest,3
31598,Illegal Search,5
31598,Lockup Procedures,4
31598,Operation/Personnel Violations,3
31598,Racial Profiling,2
31598,Use Of Force,5
31631,Bribery / Official Corruption,1
31631,Conduct Unbecoming (Off-Duty),4
31631,Criminal Misconduct,2
31631,Domestic,3
31631,False Arrest,3
31631,Illegal Search,11
31631,Lockup Procedures,1
31631,Operation/Personnel Violations,32
31631,Supervisory Responsibilities,2
31631,Traffic,2
31631,Use Of Force,45
31631,Verbal Abuse,15
31642,False Arrest,3
31642,Traffic,1
31716,Domestic,2
31716,Operation/Personnel Violations,7
31716,Use Of Force,4
31806,Criminal Misconduct,1
31806,Domestic,1
31806,False Arrest,3
31806,Illegal Search,3
31806,Lockup Procedures,2
31806,Operation/Personnel Violations,4
31806,Traffic,2
31806,Use Of Force,1
31806,Verbal Abuse,1
31815,Criminal Misconduct,3
31815,False Arrest,7
31815,Illegal Search,7
31815,Lockup Procedures,4
31815,Operation/Personnel Violations,2
31815,Traffic,1
31815,Use Of Force,6
31838,False Arrest,5
31838,Illegal Search,8
31838,Lockup Procedures,1
31838,Operation/Personnel Violations,3
31838,Use Of Force,7
31847,Criminal Misconduct,2
31847,Domestic,1
31847,False Arrest,11
31847,Illegal Search,20
31847,Lockup Procedures,2
31847,Money / Property,1
31847,Operation/Personnel Violations,6
31847,Use Of Force,9
31847,Verbal Abuse,2
31855,Bribery / Official Corruption,1
31855,Criminal Misconduct,1
31855,Domestic,1
31855,Illegal Search,5
31855,Lockup Procedures,2
31855,Money / Property,2
31855,Operation/Personnel Violations,2
31855,Use Of Force,3
31859,Conduct Unbecoming (Off-Duty),1
31859,Criminal Misconduct,3
31859,Domestic,2
31859,False Arrest,2
31859,Illegal Search,28
31859,Lockup Procedures,7
31859,Money / Property,2
31859,Operation/Personnel Violations,15
31859,Unknown,1
31859,Use Of Force,23
31859,Verbal Abuse,3
31872,Bribery / Official Corruption,1
31872,Criminal Misconduct,3
31872,False Arrest,5
31872,Illegal Search,16
31872,Lockup Procedures,2
31872,Money / Property,4
31872,Operation/Personnel Violations,7
31872,Use Of Force,13
31872,Verbal Abuse,1
31899,Criminal Misconduct,4
31899,Domestic,1
31899,False Arrest,6
31899,Illegal Search,27
31899,Lockup Procedures,5
31899,Operation/Personnel Violations,8
31899,Supervisory Responsibilities,2
31899,Traffic,1
31899,Use Of Force,17
31899,Verbal Abuse,1
31916,Domestic,1
31916,False Arrest,7
31916,Illegal Search,5
31916,Lockup Procedures,1
31916,Use Of Force,3
31925,Criminal Misconduct,1
31925,False Arrest,2
31925,Illegal Search,8
31925,Lockup Procedures,2
31925,Operation/Personnel Violations,6
31925,Supervisory Responsibilities,1
31925,Use Of Force,4
31932,Domestic,1
31932,False Arrest,2
31932,Illegal Search,3
31932,Money / Property,1
31932,Operation/Personnel Violations,2
31932,Use Of Force,1
31941,Bribery / Official Corruption,1
31941,Domestic,1
31941,False Arrest,4
31941,Illegal Search,9
31941,Lockup Procedures,2
31941,Operation/Personnel Violations,6
31941,Supervisory Responsibilities,1
31941,Traffic,1
31941,Use Of Force,3
31941,Verbal Abuse,3
31944,Criminal Misconduct,1
31944,Domestic,2
31944,False Arrest,6
31944,Illegal Search,8
31944,Lockup Procedures,1
31944,Money / Property,2
31944,Operation/Personnel Violations,4
31944,Traffic,1
31944,Use Of Force,5
31980,Domestic,1
31980,False Arrest,5
31980,Illegal Search,11
31980,Lockup Procedures,1
31980,Money / Property,1
31980,Operation/Personnel Violations,1
31980,Use Of Force,2
31980,Verbal Abuse,2
32020,Criminal Misconduct,4
32020,Domestic,1
32020,False Arrest,2
32020,Illegal Search,23
32020,Lockup Procedures,2
32020,Money / Property,1
32020,Operation/Personnel Violations,17
32020,Use Of Force,19
32020,Verbal Abuse,1
32024,Criminal Misconduct,1
32024,False Arrest,9
32024,Illegal Search,10
32024,Lockup Procedures,3
32024,Operation/Personnel Violations,4
32024,Use Of Force,9
32027,Conduct Unbecoming (Off-Duty),2
32027,Domestic,2
32027,False Arrest,2
32027,Operation/Personnel Violations,5
32027,Use Of Force,2
32039,Domestic,1
32039,False Arrest,3
32039,Illegal Search,4
32039,Lockup Procedures,2
32039,Operation/Personnel Violations,6
32039,Use Of Force,12
32045,Criminal Misconduct,1
32045,Drug / Alcohol Abuse,2
32045,False Arrest,2
32045,Illegal Search,7
32045,Lockup Procedures,1
32045,Operation/Personnel Violations,4
32045,Use Of Force,1
32052,Criminal Misconduct,1
32052,Domestic,2
32052,False Arrest,4
32052,Illegal Search,20
32052,Lockup Procedures,3
32052,Money / Property,2
32052,Operation/Personnel Violations,10
32052,Supervisory Responsibilities,1
32052,Traffic,3
32052,Use Of Force,9
32052,Verbal Abuse,5
32111,Criminal Misconduct,1
32111,False Arrest,5
32111,Illegal Search,4
32111,Lockup Procedures,3
32111,Operation/Personnel Violations,8
32111,Use Of Force,2
32129,Criminal Misconduct,1
32129,False Arrest,7
32129,Illegal Search,2
32129,Lockup Procedures,2
32129,Operation/Personnel Violations,5
32166,Bribery / Official Corruption,1
32166,Conduct Unbecoming (Off-Duty),1
32166,Criminal Misconduct,5
32166,Domestic,3
32166,False Arrest,11
32166,Illegal Search,42
32166,Lockup Procedures,5
32166,Operation/Personnel Violations,15
32166,Supervisory Responsibilities,1
32166,Use Of Force,22
32166,Verbal Abuse,4
32176,Conduct Unbecoming (Off-Duty),2
32176,Domestic,1
32176,False Arrest,5
32176,Illegal Search,3
32176,Lockup Procedures,2
32176,Money / Property,1
32176,Operation/Personnel Violations,3
32176,Traffic,1
32176,Use Of Force,7
32176,Verbal Abuse,1
32185,False Arrest,5
32185,Illegal Search,8
32185,Lockup Procedures,4
32185,Operation/Personnel Violations,1
32185,Traffic,1
32185,Use Of Force,5
32185,Verbal Abuse,1
32190,Criminal Misconduct,2
32190,False Arrest,3
32190,Illegal Search,4
32190,Operation/Personnel Violations,4
32190,Use Of Force,7
32190,Verbal Abuse,1
32193,Bribery / Official Corruption,1
32193,False Arrest,1
32193,Illegal Search,7
32193,Money / Property,1
32193,Operation/Personnel Violations,3
32193,Supervisory Responsibilities,1
32193,Use Of Force,4
32193,Verbal Abuse,2
32195,Criminal Misconduct,2
32195,Domestic,1
32195,False Arrest,3
32195,Illegal Search,9
32195,Operation/Personnel Violations,3
32195,Supervisory Responsibilities,1
32195,Traffic,1
32195,Use Of Force,6
32198,Bribery / Official Corruption,1
32198,Criminal Misconduct,5
32198,False Arrest,5
32198,Illegal Search,12
32198,Lockup Procedures,7
32198,Money / Property,1
32198,Operation/Personnel Violations,11
32198,Traffic,1
32198,Use Of Force,7
32245,Domestic,1
32245,False Arrest,4
32245,Illegal Search,6
32245,Lockup Procedures,4
32245,Money / Property,1
32245,Operation/Personnel Violations,2
32245,Use Of Force,7
32259,Conduct Unbecoming (Off-Duty),1
32259,False Arrest,2
32259,Illegal Search,4
32259,Operation/Personnel Violations,9
32259,Traffic,1
32259,Use Of Force,8
32264,Criminal Misconduct,2
32264,Domestic,1
32264,False Arrest,2
32264,Illegal Search,9
32264,Lockup Procedures,2
32264,Money / Property,1
32264,Operation/Personnel Violations,1
32264,Use Of Force,1
32271,Conduct Unbecoming (Off-Duty),1
32271,False Arrest,2
32271,Illegal Search,6
32271,Money / Property,1
32271,Operation/Personnel Violations,6
32271,Use Of Force,2
32274,Criminal Misconduct,2
32274,Domestic,2
32274,False Arrest,6
32274,Illegal Search,17
32274,Lockup Procedures,1
32274,Operation/Personnel Violations,6
32274,Supervisory Responsibilities,1
32274,Traffic,1
32274,Use Of Force,13
32279,Conduct Unbecoming (Off-Duty),1
32279,Domestic,1
32279,False Arrest,3
32279,Illegal Search,4
32279,Lockup Procedures,2
32279,Operation/Personnel Violations,3
32279,Use Of Force,8
32369,Domestic,1
32369,False Arrest,8
32369,Illegal Search,7
32369,Lockup Procedures,4
32369,Operation/Personnel Violations,5
32369,Use Of Force,8
32383,Criminal Misconduct,1
32383,False Arrest,7
32383,Illegal Search,13
32383,Lockup Procedures,5
32383,Money / Property,1
32383,Operation/Personnel Violations,5
32383,Use Of Force,13
32383,Verbal Abuse,1
32384,Domestic,2
32384,False Arrest,4
32384,Illegal Search,16
32384,Lockup Procedures,2
32384,Money / Property,1
32384,Operation/Personnel Violations,10
32384,Use Of Force,11
32400,False Arrest,5
32400,Illegal Search,2
32400,Lockup Procedures,1
32400,Money / Property,1
32400,Operation/Personnel Violations,2
32400,Use Of Force,4
32400,Verbal Abuse,1
32415,False Arrest,1
32415,Illegal Search,4
32415,Lockup Procedures,3
32415,Operation/Personnel Violations,1
32415,Use Of Force,1
32423,Conduct Unbecoming (Off-Duty),1
32423,Criminal Misconduct,2
32423,False Arrest,1
32423,Illegal Search,5
32423,Lockup Procedures,3
32423,Operation/Personnel Violations,4
32423,Use Of Force,12
32430,Conduct Unbecoming (Off-Duty),1
32430,Domestic,2
32430,False Arrest,2
32430,Illegal Search,7
32430,Money / Property,2
32430,Operation/Personnel Violations,2
32430,Traffic,1
32430,Use Of Force,3
32430,Verbal Abuse,2
32435,Criminal Misconduct,1
32435,Domestic,1
32435,False Arrest,2
32435,Illegal Search,7
32435,Lockup Procedures,3
32435,Operation/Personnel Violations,3
32435,Use Of Force,4
32435,Verbal Abuse,1
